ndf_Codigo,ndf_Descricao,ndf_CategoriaEconomica,ndf_GrupoDespesa,ndf_ModalidadeAplicacao,ndf_ElementoDespesa
-7,"CODIGO INVALIDO",-7,-7,-7,-7
-8,"SEM INFORMACAO",-8,-8,-8,-8
-9,"NAO SE APLICA",-9,-9,-9,-9
30000000,"DESPESAS CORRENTES",3,0,00,00
31000000,"PESSOAL E ENCARGOS SOCIAIS",3,1,00,00
31200000,"TRANSFERÊNCIAS À UNIÃO",3,1,20,00
31209100,"SENTENÇAS JUDICIAIS",3,1,20,91
31209101,"ACORDO TRABALHISTA/JUDICIAL",3,1,20,91
31209102,"PRECATÓRIOS ALIMENTARES",3,1,20,91
31209103,"PRECATÓRIOS NÃO ALIMENTARES",3,1,20,91
31209104,"REQUISIÇÕES JUDICIAIS DE PEQUENO VALOR",3,1,20,91
31209105,"SENTENÇAS JUDICIAIS A EX-EMPREGADOS",3,1,20,91
31209106,FGTS,3,1,20,91
31209107,"INSS EMPREGADOR",3,1,20,91
31209108,HONORÁRIO,3,1,20,91
31209109,CUSTAS,3,1,20,91
31209110,"MANDADOS DE SEGURANÇA E MEDIDAS CAUTELARES",3,1,20,91
31209141,"MULTAS DEDUTÍVEIS",3,1,20,91
31209142,"JUROS E ENCARGOS",3,1,20,91
31209144,"MULTAS INDEDUTÍVEIS",3,1,20,91
31209199,"OUTRAS SENTENÇAS JUDICIAIS",3,1,20,91
31209600,"RESSARCIMENTO DE DESPESAS DE PESSOAL REQUISITADO",3,1,20,96
31209601,"PESSOAL CIVIL",3,1,20,96
31209602,"PESSOAL MILITAR",3,1,20,96
31500000,"TRANSFERÊNCIAS A INSTITUIÇÕES PRIVADAS SEM FINS LUCRATIVOS",3,1,50,00
31509200,"DESPESAS DE EXERCÍCIOS ANTERIORES",3,1,50,92
31509234,"OUTRAS DESPESAS DE PESSOAL DECORRENTES DE CONTRATOS DE TERCEIRIZAÇÃO",3,1,50,92
31800000,"TRANSFERÊNCIAS AO EXTERIOR",3,1,80,00
31808400,"DESPESAS DECORRENTES DE PARTICIPAÇÃO EM FUNDOS,",3,1,80,84
31808401,"DESPESAS DECORRENTES DE PARTICIPAÇÃO EM FUNDOS,",3,1,80,84
31900000,"APLICAÇÕES DIRETAS",3,1,90,00
31900100,"APOSENTADORIAS DO RPPS, RESERVA REMUNERADA E REFORMAS DOS MILITARES",3,1,90,01
31900101,"PROVENTOS - PESSOAL CIVIL",3,1,90,01
31900102,"VANTAGENS INCORPORADAS - PESSOAL CIVIL",3,1,90,01
31900104,"SOLDO-PESSOAL MILITAR",3,1,90,01
31900107,"GRATIFICAÇÃO ESPECIAL",3,1,90,01
31900108,"VENCIMENTO COMPLEMENTAR",3,1,90,01
31900111,"DÉCIMO TERCEIRO SALÁRIO - INATIVO CIVIL",3,1,90,01
31900112,"DÉCIMO TERCEIRO SALÁRIO - INATIVO MILITAR",3,1,90,01
31900117,"CARGO EM COMISSÃO",3,1,90,01
31900118,"GRATIFICAÇÃO POR HABILITAÇÃO",3,1,90,01
31900119,"GRATIFICAÇÃO DE DESEMPENHO DE ATIVIDADE DO CICLO DE GESTÃO",3,1,90,01
31900120,"REPRESENTAÇÃO DFG/DFA",3,1,90,01
31900121,"VANTAGEM PESSOAL NOMINALMENTE IDENTIFICADA - VPNI",3,1,90,01
31900122,"GRATIFICAÇÃO DE ATIVIDADE - GAT",3,1,90,01
31900123,"SUBSÍDIO CARREIRA ATIVIDADES COMPLEMENTARES DE SEGURANÇA PÚBLICA",3,1,90,01
31900124,"GRATIFICAÇÃO ATIVIDADE DE ENSINO ESPECIAL - GAEE",3,1,90,01
31900125,"ADICIONAL POR TEMPO DE SERVIÇO",3,1,90,01
31900126,"GRATIFICAÇÃO DE APOIO ÀS ATIVIDADES JURÍDICAS - GAAJ",3,1,90,01
31900127,"GRATIFICAÇÃO DE SOLISTA",3,1,90,01
31900128,"GRATIFICAÇÃO DE CESSÃO DE DIREITO DE IMAGEM E SOM - GCDIS",3,1,90,01
31900130,"GRATIFICAÇÃO DE TEMPO INTEGRAL - GTI",3,1,90,01
31900132,"GRATIFICAÇÃO POR TITULAÇÃO - GTIT",3,1,90,01
31900134,"GRATIFICAÇÃO DE ATIVIDADE PEDAGÓGICA - GAPED",3,1,90,01
31900135,"GRATIFICAÇÃO DE ATIVIDADE EM ZONA RURAL - GAZR",3,1,90,01
31900136,"GRATIFICAÇÃO DE DESEMPENHO E PRODUTIVIDADE - GDP",3,1,90,01
31900137,"GRATIFICAÇÃO DE RAIOS-X E SUBSTÂNCIAS RADIOATIVAS",3,1,90,01
31900139,"GRATIFICAÇÃO POR SERVIÇOS DE LIMPEZA PÚBLICA - GSLU",3,1,90,01
31900140,"RETRIBUIÇÃO ADICIONAL VARIÁVEL - RAV",3,1,90,01
31900141,"GRATIFICAÇÃO DE REPRESENTAÇÃO MENSAL PROCURADOR",3,1,90,01
31900142,"GRATIFICAÇÃO RODOVIÁRIA - GR",3,1,90,01
31900144,"GRATIFICAÇÃO DE APOIO FAZENDÁRIO - GAF",3,1,90,01
31900146,"GRATIFICAÇÃO 40 HORAS",3,1,90,01
31900147,"GRATIFICAÇÃO DE INCENTIVO PRÓ-RECEITA",3,1,90,01
31900148,"GRATIFICAÇÃO DE ATIVIDADE ESPECIAL DE APOIO - GAEA",3,1,90,01
31900149,"GRATIFICAÇÃO DE GESTÃO FAZENDÁRIA - GGF",3,1,90,01
31900150,"GRATIFICAÇÃO DE ATIVIDADES CULTURAIS - GAC",3,1,90,01
31900152,"GRATIFICAÇÃO EM POLÍTICAS SOCIAIS - GPS",3,1,90,01
31900153,"GRATIFICAÇÃO DE DESEMPENHO DE ATIVIDADE TÉCNICA - GDAT",3,1,90,01
31900154,"GRATIFICAÇÃO DE INCENTIVO À FISCALIZAÇÃO DE ATIVIDADES URBANAS - GIURB",3,1,90,01
31900155,"GRATIFICAÇÃO DE APOIO À REALIZAÇÃO DE ESPETÁCULOS - GARE",3,1,90,01
31900156,"GRATIFICAÇÃO MILITAR DE SEGURANÇA INSTITUCIONAL - GMSI",3,1,90,01
31900159,"VANTAGEM POR DECISÃO JUDICIAL",3,1,90,01
31900160,"ADICIONAL DE CERTIFICAÇÃO PROFISSIONAL - MILITAR",3,1,90,01
31900161,"GRATIFICAÇÃO DE FUNÇÃO DE NATUREZA ESPECIAL - MILITAR - GFNE",3,1,90,01
31900162,"ADICIONAL DE OPERAÇÕES MILITARES",3,1,90,01
31900163,"GRATIFICAÇÃO DE REPRESENTAÇÃO MILITAR",3,1,90,01
31900164,"COMPLEMENTAÇÃO DE SOLDO",3,1,90,01
31900165,"ADICIONAL DE POSTO OU GRADUAÇÃO - MILITAR",3,1,90,01
31900167,"GRATIFICAÇÃO POR ATIVIDADE COM ADOLESCENTE EM RESTRIÇÃO DE LIBERDADE -",3,1,90,01
31900168,"GRATIFICAÇÃO DE ATIVIDADE ININTERRUPTA - GAI",3,1,90,01
31900169,"GRATIFICAÇÃO DE MOVIMENTO",3,1,90,01
31900170,"GRATIFICAÇÃO POR RISCO DE VIDA - GRV",3,1,90,01
31900171,"PISO REMUNERAÇÃO",3,1,90,01
31900172,"GRATIFICAÇÃO DE ATIVIDADE MÉDICA ESPECIAL - GAME",3,1,90,01
31900176,"GRATIFICAÇÃO DE APOIO TÉCNICO ADMINISTRATIVO - GATA (ASSISTÊNCIA PÚBLI",3,1,90,01
31900177,"GRATIFICAÇÃO DE APOIO TÉCNICO ADMINISTRATIVO - GATA (EDUCAÇÃO)",3,1,90,01
31900178,"GRATIFICAÇÃO PELA ATIVIDADE DE ATENDIMENTO NA LÍNGUA BRASILEIRA DE SIN",3,1,90,01
31900179,"GRATIFICAÇÃO DE ATENDIMENTO MÓVEL DE URGÊNCIA - GAMU",3,1,90,01
31900180,"GRATIFICAÇÃO DE ATIVIDADE JUDICIÁRIA - GAJ",3,1,90,01
31900181,"GRATIFICAÇÃO DE ATIVIDADE DE ALFABETIZAÇÃO - GAA",3,1,90,01
31900182,"GRATIFICAÇÃO POR GESTÃO DE INFRAESTRUTURA - GGI",3,1,90,01
31900183,"GRATIFICAÇÃO DE INCENTIVO À CARREIRA - GIC",3,1,90,01
31900184,"GRATIFICAÇÃO DE APOIO ÀS ATIVIDADES DE LABORATÓRIO - GAAL",3,1,90,01
31900185,"GRATIFICAÇÃO DE DOCÊNCIA EM ENSINO DIFERENCIADO - GADEED",3,1,90,01
31900186,"GRATIFICAÇÃO DE DOCÊNCIA EM ESTABELECIMENTO DE RESTRIÇÃO E PRIVAÇÃO DE",3,1,90,01
31900187,"GRATIFICAÇÃO DE ATIVIDADE DE SUPORTE EDUCACIONAL - GASE",3,1,90,01
31900188,"GRATIFICAÇÃO PELA EXECUÇÃO DE ATIVIDADES DE REGULAÇÃO DE SERVIÇO PÚBLI",3,1,90,01
31900189,"GRATIFICAÇÃO DE ATIVIDADE DE VIGILÂNCIA SANITÁRIA - GAV",3,1,90,01
31900193,"GRATIFICAÇÃO DE DESEMPENHO SOCIOEDUCATIVO - GDSE",3,1,90,01
31900300,"PENSÕES DO RPPS E D0 MILITAR",3,1,90,03
31900301,"PENSÕES MILITARES",3,1,90,03
31900303,"PENSÕES CIVIS",3,1,90,03
31900304,"DÉCIMO TERCEIRO SALÁRIO - PENSIONISTA CIVIL",3,1,90,03
31900305,"DÉCIMO TERCEIRO SALÁRIO - PENSIONISTA MILITAR",3,1,90,03
31900306,"VANTAGENS INCORPORADAS",3,1,90,03
31900307,"VENCIMENTO COMPLEMENTAR",3,1,90,03
31900311,"GRATIFICAÇÃO DE ATIVIDADE - GAT",3,1,90,03
31900312,"REPRESENTAÇÃO DFG/DFA",3,1,90,03
31900314,"VANTAGEM PESSOAL NOMINALMENTE IDENTIFICADA",3,1,90,03
31900315,"GRATIFICAÇÃO DE ATIVIDADE DE ENSINO ESPECIAL - GAEE",3,1,90,03
31900318,"GRATIFICAÇÃO POR HABILITAÇÃO",3,1,90,03
31900320,"GRATIFICAÇÃO DE TEMPO INTEGRAL - GTI",3,1,90,03
31900321,"GRATIFICAÇÃO RODOVIÁRIA - GR",3,1,90,03
31900322,"GRATIFICAÇÃO POR TITULAÇÃO - GTIT",3,1,90,03
31900323,"PENSÃO TEMPORÁRIA",3,1,90,03
31900324,"PENSÃO VITALÍCIA",3,1,90,03
31900325,"GRATIFICAÇÃO DE ATIVIDADE PEDAGÓGICA - GAPED",3,1,90,03
31900326,"GRATIFICAÇÃO DE APOIO À REALIZAÇÃO DE ESPETÁCULOS - GARE",3,1,90,03
31900328,"GRATIFICAÇÃO 40 HORAS",3,1,90,03
31900329,"SUBSÍDIO CARREIRA ATIVIDADES COMPLEMENTARES DE SEGURANÇA PÚBLICA",3,1,90,03
31900330,"GRATIFICAÇÃO DE CESSÃO DE DIREITO DE IMAGEM E SOM - GCDIS",3,1,90,03
31900335,"GRATIFICAÇÃO DE RAIOS-X E SUBSTÂNCIAS RADIOATIVAS",3,1,90,03
31900336,"GRATIFICAÇÃO POR SERVIÇOS DE LIMPEZA PÚBLICA - GSLU",3,1,90,03
31900338,"GRATIFICAÇÃO DE APOIO FAZENDÁRIO - GAF",3,1,90,03
31900342,"ADICIONAL DE TEMPO DE SERVIÇO",3,1,90,03
31900347,"GRATIFICAÇÃO DE INCENTIVO PRÓ-RECEITA",3,1,90,03
31900348,"GRATIFICAÇÃO DE ATIVIDADE ESPECIAL DE APOIO - GAEA",3,1,90,03
31900350,"GRATIFICAÇÃO DE ATIVIDADES CULTURAIS - GAC",3,1,90,03
31900352,"GRATIFICAÇÃO EM POLÍTICAS SOCIAIS - GPS",3,1,90,03
31900354,"GRATIFICAÇÃO DE DESEMPENHO E PRODUTIVIDADE - GDP",3,1,90,03
31900355,"GRATIFICAÇÃO DE INCENTIVO À FISCALIZAÇÃO DE ATIVIDADES URBANAS - GIURB",3,1,90,03
31900356,"GRATIFICAÇÃO DE APOIO TÉCNICO ADMINISTRATIVO - GATA (ASSISTÊNCIA PÚBLI",3,1,90,03
31900357,"GRATIFICAÇÃO DE APOIO TÉCNICO ADMINISTRATIVO - GATA (EDUCAÇÃO)",3,1,90,03
31900360,"CARGO EM COMISSÃO",3,1,90,03
31900361,"GRATIFICAÇÃO POR ATIVIDADE EM ZONA RURAL - GAZR",3,1,90,03
31900363,"GRATIFICAÇÃO MILITAR DE SEGURANÇA INSTITUCIONAL - GMSI",3,1,90,03
31900365,"VANTAGEM POR DECISÃO JUDICIAL",3,1,90,03
31900366,"GRATIFICAÇÃO DE CERTIFICAÇÃO PROFISSIONAL MILITAR",3,1,90,03
31900367,"GRATIFICAÇÃO DE FUNÇÃO DE NATUREZA ESPECIAL MILITAR - GFNE",3,1,90,03
31900368,"ADICIONAL DE OPERAÇÕES MILITARES",3,1,90,03
31900369,"GRATIFICAÇÃO DE REPRESENTAÇÃO MILITAR",3,1,90,03
31900370,"COMPLEMENTAÇÃO DE SOLDO",3,1,90,03
31900371,"ADICIONAL DE POSTO OU GRADUAÇÃO MILITAR",3,1,90,03
31900372,"PENSÃO INDENIZATÓRIA - DECISÃO JUDICIAL",3,1,90,03
31900374,"GRATIFICAÇÃO POR RISCO DE VIDA - GRV",3,1,90,03
31900376,"GRATIFICAÇÃO DE ATIVIDADE MÉDICA ESPECIAL - GAME",3,1,90,03
31900381,"GRATIFICAÇÃO DE ATIVIDADE DE ALFABETIZAÇÃO - GAA",3,1,90,03
31900382,"GRATIFICAÇÃO POR GESTÃO DE INFRAESTRUTURA - GGI",3,1,90,03
31900383,"GRATIFICAÇÃO DE INCENTIVO À CARREIRA - GIC",3,1,90,03
31900384,"GRATIFICAÇÃO DE APOIO ÀS ATIVIDADES DE LABORATÓRIO - GAAL",3,1,90,03
31900387,"GRATIFICAÇÃO DE ATIVIDADE DE SUPORTE EDUCACIONAL - GASE",3,1,90,03
31900388,"GRATIFICAÇÃO PELA EXECUÇÃO DE ATIVIDADES DE REGULAÇÃO DE SERV. PUBLICO",3,1,90,03
31900389,"GRATIFICAÇÃO DE ATIVIDADE DE VIGILÂNCIA SANITÁRIA - GAV",3,1,90,03
31900393,"GRATIFICAÇÃO DE DESEMPENHO SOCIOEDUCATIVO - GDSE",3,1,90,03
31900400,"CONTRATAÇÃO POR TEMPO DETERMINADO",3,1,90,04
31900401,"VANTAGENS FIXAS DE SALÁRIO CONTRATAÇÃO TEMPORÁRIA",3,1,90,04
31900402,"VANTAGENS FIXAS DE PROFESSORES SUBSTITUTOS",3,1,90,04
31900403,"VANTAGENS FIXAS DE SERVIDORES TEMPORÁRIOS - VIGILANTES E INSPETORES",3,1,90,04
31900404,"VANTAGENS FIXAS DE SERVIDORES EVENTUAIS - ASSISTENTES SOCIAIS",3,1,90,04
31900405,"VANTAGENS FIXAS DE SERVIDORES EVENTUAIS - ENFERMEIROS, FISIOTERAPEUTAS",3,1,90,04
31900406,"VANTAGENS FIXAS DE SERVIDORES EVENTUAIS - SUS - DECRETO Nº 5392/05",3,1,90,04
31900407,"VANTAGENS FIXAS DE SERVIDORES EVENTUAIS - AGENTES DE SAÚDE",3,1,90,04
31900408,"VANTAGENS FIXAS DE SERVIDORES EVENTUAIS - MÉDICOS RESIDENTES",3,1,90,04
31900409,"VANTAGENS FIXAS DE SERVIDORES EVENTUAIS - DENTISTAS E PSICÓLOGOS",3,1,90,04
31900410,"VANTAGENS FIXAS DE SERVIDORES EVENTUAIS - BOMBEIROS",3,1,90,04
31900451,"VANTAGENS VARIÁVEIS DE SALÁRIO CONTRATAÇÃO TEMPORÁRIA",3,1,90,04
31900452,"VANTAGENS VARIÁVEIS DE PROFESSORES SUBSTITUTOS",3,1,90,04
31900453,"VANTAGENS VARIÁVEIS DE SERVIDORES TEMPORÁRIOS - VIGILANTES E INSPETORE",3,1,90,04
31900454,"VANTAGENS VARIÁVEIS DE SERVIDORES EVENTUAIS - ASSISTENTES SOCIAIS",3,1,90,04
31900455,"VANTAGENS VARIÁVEIS DE SERVIDORES EVENTUAIS - ENFERMEIROS, FISIOTERAPE",3,1,90,04
31900456,"VANTAGENS VARIÁVEIS DE SERVIDORES EVENTUAIS - SUS - DECRETO Nº 5392/05",3,1,90,04
31900457,"VANTAGENS VARIÁVEIS DE SERVIDORES EVENTUAIS - AGENTES DE SAÚDE",3,1,90,04
31900458,"VANTAGENS VARIÁVEIS DE SERVIDORES EVENTUAIS - MÉDICOS RESIDENTES",3,1,90,04
31900459,"VANTAGENS VARIÁVEIS DE SERVIDORES EVENTUAIS - DENTISTAS E PSICÓLOGOS",3,1,90,04
31900460,"VANTAGENS VARIÁVEIS DE SERVIDORES EVENTUAIS - BOMBEIROS",3,1,90,04
31900500,"OUTROS BENEFÍCIOS PREVIDENCIÁRIOS DO SERVIDOR OU DO MILITAR",3,1,90,05
31900505,AUXÍLIO-RECLUSÃO,3,1,90,05
31900509,SALÁRIO-FAMÍLIA,3,1,90,05
31900700,"CONTRIBUIÇÃO A ENTIDADES FECHADAS DE PREVIDÊNCIA",3,1,90,07
31900701,"COMPLEMENTAÇÃO DE PREVIDÊNCIA",3,1,90,07
31900703,"CONTRIBUIÇÃO PATRONAL PREVIDÊNCIA PRIVADA",3,1,90,07
31901100,"VENCIMENTOS E VANTAGENS FIXAS - PESSOAL CIVIL",3,1,90,11
31901101,"VENCIMENTO BÁSICO",3,1,90,11
31901102,"EMPREGO EM COMISSÃO/FUNÇÃO GRATIFICADA - ADM. INDIRETA",3,1,90,11
31901103,"EMPREGO EM COMISSÃO/FUNÇÃO GRATIFICADA - REQUISITADOS P/ ADM. INDIRETA",3,1,90,11
31901104,"ADICIONAL POR TEMPO DE SERVIÇO (ANUÊNIO)",3,1,90,11
31901105,SALÁRIOS,3,1,90,11
31901106,"ADIANTAMENTO DE FÉRIAS",3,1,90,11
31901107,"ADICIONAL DE INSALUBRIDADE",3,1,90,11
31901108,"GRATIFICAÇÃO PELA EXECUÇÃO DE ATIVIDADES DE REGULAÇÃO DE SERV. PÚBLICO",3,1,90,11
31901109,"AUXÍLIO PARA DIFERENÇA DE CAIXA",3,1,90,11
31901110,"ADICIONAL DE PERICULOSIDADE",3,1,90,11
31901112,"GRATIFICAÇÃO DE RAIO X E SUBSTÂNCIAS RADIOATIVAS",3,1,90,11
31901114,"COMPLEMENTAÇÃO DE VENCIMENTOS E SALÁRIOS",3,1,90,11
31901115,"GRATIFICAÇÃO DE ATENDIMENTO MÓVEL DE URGÊNCIA - GAMU",3,1,90,11
31901116,"OPÇÃO 40 HORAS VENCIMENTO",3,1,90,11
31901117,"GRATIFICAÇÃO DE INCENTIVO PRÓ-RECEITA",3,1,90,11
31901118,"GRATIFICAÇÃO POR HABILITAÇÃO",3,1,90,11
31901119,"GRATIFICAÇÃO DE ATIVIDADE DE VIGILÂNCIA SANITÁRIA - GAV",3,1,90,11
31901120,"GRATIFICAÇÃO DE ATIVIDADE DE SUPORTE EDUCACIONAL - GASE",3,1,90,11
31901121,"DÉCIMO TERCEIRO SALÁRIO - PESSOAL CIVIL - ESTATUTÁRIO",3,1,90,11
31901122,"DÉCIMO TERCEIRO SALÁRIO - CLT",3,1,90,11
31901123,"GRATIFICAÇÃO POR TITULAÇÃO - GTIT",3,1,90,11
31901124,"GRATIFICAÇÃO PELA ATIV. DE ATENDIMENTO NA LÍNGUA BRASILEIRA DE SINAIS",3,1,90,11
31901125,"LICENÇA PRÊMIO POR ASSIDUIDADE",3,1,90,11
31901127,"GRATIFICAÇÃO DE ATIVIDADE DE PRECEPTORIA",3,1,90,11
31901128,"GRATIFICAÇÃO DE ATIVIDADE - GAT",3,1,90,11
31901130,"GRATIFICAÇÃO DE APOIO FAZENDÁRIO - GAF",3,1,90,11
31901131,"FÉRIAS - ABONO PECUNIÁRIO",3,1,90,11
31901132,"FÉRIAS 1/3 CONSTITUCIONAL",3,1,90,11
31901133,"GRATIFICAÇÃO DE ATIVIDADE DE ALFABETIZAÇÃO - GAA",3,1,90,11
31901134,"VANTAGEM PESSOAL NOMINALMENTE IDENTIFICADA - VPNI",3,1,90,11
31901135,"GRATIFICAÇÃO DE APOIO ADMINISTRATIVO",3,1,90,11
31901141,"INCORPORAÇÃO DE DÉCIMOS",3,1,90,11
31901142,"GRATIFICAÇÃO DE INCENTIVO ÀS AÇÕES BÁSICAS DE SAÚDE - GIABS",3,1,90,11
31901143,"GRATIFICAÇÃO DE MOVIMENTAÇÃO",3,1,90,11
31901144,"GRATIFICAÇÃO DE TEMPO INTEGRAL - GTI",3,1,90,11
31901146,"GRATIFICAÇÃO DE ATIVIDADE DE ENSINO",3,1,90,11
31901148,"ADICIONAL DE RADIAÇÃO IONIZANTE",3,1,90,11
31901151,"GRATIFICAÇÃO ATIVIDADE EM ZONA RURAL - GAZR",3,1,90,11
31901152,"GRATIFICAÇÃO DE ATIVIDADE PEDAGÓGICA - GAPED",3,1,90,11
31901153,"GRATIFICAÇÃO RODOVIÁRIA - GR",3,1,90,11
31901155,"GRATIFICAÇÃO DE APOIO À REALIZAÇÃO DE ESPETÁCULOS - GARE",3,1,90,11
31901156,"GRATIFICAÇÃO DE REPRESENTAÇÃO DFG/DFA/CNE/CNP - ADM. DIRETA C/ VÍNCULO",3,1,90,11
31901157,"GRATIFICAÇÃO DE ATIVIDADE DE CONTROLE EXTERNO",3,1,90,11
31901158,"HONORÁRIO DE DIRETOR",3,1,90,11
31901159,"GRATIFICAÇÕES DE SOLISTA, SPALLA E CONCERTINO",3,1,90,11
31901160,"GRATIFICAÇÃO POR ATIVIDADE DE RISCO - GAR",3,1,90,11
31901161,"GRATIFICAÇÃO DE ATIVIDADE DE ENSINO ESPECIAL - GAEE",3,1,90,11
31901162,"GRATIFICAÇÃO POR CONDIÇÕES ESPECIAIS DE TRABALHO - GCET",3,1,90,11
31901164,"GRATIFICAÇÃO DE APOIO ÀS ATIVIDADES DE LABORATÓRIO - GAAL",3,1,90,11
31901166,"VANTAGEM POR DECISÃO JUDICIAL",3,1,90,11
31901167,"REPRESENTAÇÃO E VENCIMENTO DFG/DFA/CNE/CNP - ADM. DIRETA, AUTÁRQUICA E",3,1,90,11
31901168,"GRATIFICAÇÃO DE GESTÃO FAZENDÁRIA - GGF",3,1,90,11
31901169,"GRATIFICAÇÃO DE PRODUTIVIDADE",3,1,90,11
31901170,"GRATIFICAÇÃO DE DOCÊNCIA EM ENSINO DIFERENCIADO - GADEED",3,1,90,11
31901172,"GRATIFICAÇÃO DE APOIO TÉCNICO  ADMINISTRATIVO GATA (ASSIST PÚBL)",3,1,90,11
31901173,"GRATIFICAÇÃO DE APOIO TÉCNICO ADMINISTRATIVO - GATA (EDUCAÇÃO)",3,1,90,11
31901174,"GRATIFICAÇÃO DE ATIVIDADE LEGISLATIVA",3,1,90,11
31901177,"GRATIFICAÇÃO DE ATIVIDADE ESPECIAL DE APOIO - GAEA",3,1,90,11
31901179,"GRATIFICAÇÃO DE ATIVIDADES CULTURAIS - GAC",3,1,90,11
31901180,"GRATIFICAÇÃO DE ATIVIDADE JUDICIÁRIA - GAJ",3,1,90,11
31901181,"GRATIFICAÇÃO POR ATIVIDADES EM CONSELHOS TUTELARES - GACT",3,1,90,11
31901182,"GRATIFICAÇÃO EM POLÍTICAS SOCIAIS - GPS",3,1,90,11
31901183,"GRATIFICAÇÃO DE ATIVIDADE DE TRANSPORTES URBANOS - GATU",3,1,90,11
31901184,"GRATIFICAÇÃO DE INCENTIVO À FISCALIZAÇÃO DE ATIVIDADES URBANAS - GIURB",3,1,90,11
31901185,"SUBSÍDIO CARREIRA ATIVIDADES COMPLEMENTARES DE SEGURANÇA PÚBLICA",3,1,90,11
31901186,"GRAT.DE DOCÊNCIA EM ESTABELECIMENTO DE REST. E PRIVAÇÃO DE LIBERDADE",3,1,90,11
31901187,"GRATIFICAÇÃO POR SERVIÇOS DE LIMPEZA URBANA - GSLU",3,1,90,11
31901188,"GRATIFICAÇÃO DE FISCALIZAÇÃO DE FAIXAS DE DOMÍNIO EM PERÍODO DE DESCAN",3,1,90,11
31901190,"GRATIFICAÇÃO DE CONDUTOR AUTORIZADO",3,1,90,11
31901191,"GRATIFICAÇÃO POR ATUAÇÃO NO MEIO RURAL",3,1,90,11
31901192,"GRATIFICAÇÃO POR ATIVIDADE ESPECÍFICA",3,1,90,11
31901193,"GRATIFICAÇÃO DE ATENDIMENTO AO PÚBLICO - GAP",3,1,90,11
31901194,"GRATIFICAÇÃO DE CESSÃO DE DIREITO DE IMAGEM E SOM - GCDIS",3,1,90,11
31901195,"ABONO DE PERMANÊNCIA",3,1,90,11
31901196,"GRATIFICAÇÃO DE ATIVIDADE MÉDICA ESPECIAL - GAME",3,1,90,11
31901197,"GRATIFICAÇÃO DE DESEMPENHO SOCIOEDUCATIVO - GDSE",3,1,90,11
31901200,"VENCIMENTOS E VANTAGENS FIXAS - PESSOAL MILITAR",3,1,90,12
31901201,SOLDO,3,1,90,12
31901202,"ADICIONAL DE TEMPO DE SERVIÇO MILITAR",3,1,90,12
31901203,"ADICIONAL DE CERTIFICAÇÃO PROFISSIONAL",3,1,90,12
31901206,"GRATIFICAÇÃO RAIOS-X E SUBSTÂNCIAS RADIOATIVAS",3,1,90,12
31901208,"DÉCIMO TERCEIRO SALÁRIO - PESSOAL MILITAR",3,1,90,12
31901209,"GRATIFICAÇÃO DE SERVIÇO VOLUNTÁRIO - GSV",3,1,90,12
31901210,"GRATIFICAÇÃO POR RISCO DE VIDA - GRV",3,1,90,12
31901211,"GRATIFICAÇÃO DE FUNÇÃO DE NATUREZA ESPECIAL - GFNE",3,1,90,12
31901212,"ADICIONAL DE OPERAÇÕES MILITARES",3,1,90,12
31901213,"GRATIFICAÇÃO DE REPRESENTAÇÃO MILITAR",3,1,90,12
31901214,"COMPLEMENTAÇÃO DE SOLDO",3,1,90,12
31901215,"ADICIONAL DE POSTO OU GRADUAÇÃO",3,1,90,12
31901216,"GRATIFICAÇÃO MILITAR DE SEGURANÇA INSTITUCIONAL - GMSI",3,1,90,12
31901217,"VANTAGEM POR DECISÃO JUDICIAL",3,1,90,12
31901218,"FÉRIAS 1/3 CONSTITUCIONAL",3,1,90,12
31901300,"OBRIGAÇÕES PATRONAIS",3,1,90,13
31901301,"FUNDO DE GARANTIA POR TEMPO DE SERVIÇO - FGTS",3,1,90,13
31901302,"INSTITUTO NACIONAL DE SEGURO SOCIAL - INSS",3,1,90,13
31901303,"SEGURO DE ACIDENTE DE TRABALHO",3,1,90,13
31901304,"CONTRIBUIÇÃO DE SALÁRIO-EDUCAÇÃO",3,1,90,13
31901305,SENAI,3,1,90,13
31901306,SESI,3,1,90,13
31901307,SENAC,3,1,90,13
31901308,"CONTRIBUIÇÃO PATRONAL",3,1,90,13
31901309,"MULTA, JUROS E ENCARGOS",3,1,90,13
31901310,SESC,3,1,90,13
31901311,SEBRAE,3,1,90,13
31901312,INCRA,3,1,90,13
31901313,"FGTS - PDV",3,1,90,13
31901399,"OUTRAS OBRIGAÇÕES RESULTANTES DA FOLHA DE PAGAMENTO",3,1,90,13
31901600,"OUTRAS DESPESAS VARIÁVEIS - PESSOAL CIVIL",3,1,90,16
31901602,SUBSTITUIÇÕES,3,1,90,16
31901604,"GRATIFICAÇÃO PELA REPRESENTAÇÃO DE GABINETE",3,1,90,16
31901605,"GRATIFICAÇÃO DE SERVIÇO VOLUNTÁRIO - GSV",3,1,90,16
31901607,PLANTÕES,3,1,90,16
31901608,PRÓ-LABORE,3,1,90,16
31901613,"ADICIONAL NOTURNO",3,1,90,16
31901614,"ADICIONAL POR SERVIÇO EXTRAORDINÁRIO (HORAS EXTRAS)",3,1,90,16
31901615,"AVISO PRÉVIO",3,1,90,16
31901618,"CONVOCAÇÃO EXTRAORIDNÁRIO DE DEPUTADOS DISTRITAIS",3,1,90,16
31901619,"TRABALHO EM PERÍODO DEFINITIVO - TPD - DIURNO SEM ADICIONAL",3,1,90,16
31901620,"TRABALHO EM PERÍODO DEFINITIVO - TPD - NOTURNO COM ADICIONAL 25/100",3,1,90,16
31901621,"TRABALHO EM PERÍODO DEFINITIVO - TPD - DIURNO COM ADICIONAL 25/100",3,1,90,16
31901622,"TRABALHO EM PERÍODO DEFINITIVO - TPD - NOTURNO COM ADICIONAL 50/100",3,1,90,16
31901700,"OUTRAS DESPESAS VARIÁVEIS - PESSOAL MILITAR",3,1,90,17
31901708,SUBSTITUIÇÕES,3,1,90,17
31906700,"DEPÓSITOS COMPULSÓRIOS",3,1,90,67
31906702,"DEPOSITOS JUDICIAIS",3,1,90,67
31906703,"DEPOSITOS PARA RECURSOS",3,1,90,67
31909100,"SENTENÇAS JUDICIAIS",3,1,90,91
31909101,"ACORDO TRABALHISTA/JUDICIAL",3,1,90,91
31909102,"PRECATÓRIOS ALIMENTARES",3,1,90,91
31909103,"PRECATÓRIOS NÃO ALIMENTARES",3,1,90,91
31909104,"REQUISIÇÕES JUDICIAIS DE PEQUENO VALOR",3,1,90,91
31909105,"SENTENÇAS JUDICIAIS A EX-EMPREGADOS",3,1,90,91
31909106,FGTS,3,1,90,91
31909107,"INSS EMPREGADOR",3,1,90,91
31909108,HONORÁRIO,3,1,90,91
31909109,CUSTAS,3,1,90,91
31909110,"MANDADOS DE SEGURANÇA E MEDIDAS CAUTELARES",3,1,90,91
31909141,"MULTAS DEDUTÍVEIS",3,1,90,91
31909142,"JUROS E ENCARGOS",3,1,90,91
31909144,"MULTAS INDEDUTÍVEIS",3,1,90,91
31909199,"OUTRAS SENTENÇAS JUDICIAIS",3,1,90,91
31909200,"DESPESAS DE EXERCÍCIOS ANTERIORES",3,1,90,92
31909201,"APOSENTADORIAS DO RPPS, RESERVA REMUNERADA E REFORMAS DOS MILITARES",3,1,90,92
31909203,"PENSÕES DO RPPS E DO MILITAR",3,1,90,92
31909204,"CONTRATAÇÃO POR TEMPO DETERMINADO",3,1,90,92
31909205,"OUTROS BENEFÍCIOS PREVIDENCIÁRIOS DO SERVIDOR OU DO MILITAR",3,1,90,92
31909206,"BENEFÍCIO MENSAL AO DEFICIENTE E AO IDOSO",3,1,90,92
31909207,"CONTRIBUIÇÃO A ENTIDADES FECHADAS DE PREVIDÊNCIA",3,1,90,92
31909211,"VENCIMENTOS E VANTAGENS FIXAS - PESSOAL CIVIL",3,1,90,92
31909212,"VENCIMENTOS E VANTAGENS FIXAS - PESSOAL MILITAR",3,1,90,92
31909213,"OBRIGAÇÕES PATRONAIS",3,1,90,92
31909216,"OUTRAS DESPESAS VARIÁVEIS - PESSOAL CIVIL",3,1,90,92
31909217,"OUTRAS DESPESAS VARIÁVEIS - PESSOAL MILITAR",3,1,90,92
31909246,AUXÍLIO-ALIMENTAÇÃO,3,1,90,92
31909293,"INDENIZAÇÕES, RESTITUIÇÕES E RESSARCIMENTOS",3,1,90,92
31909294,"INDENIZAÇÕES E RESTITUIÇÕES TRABALHISTAS",3,1,90,92
31909296,"RESSARCIMENTO DE DESPESAS DE PESSOAL REQUISITADO",3,1,90,92
31909400,"INDENIZAÇÕES E RESTITUIÇÕES TRABALHISTAS",3,1,90,94
31909401,"INDENIZAÇÕES E RESTITUIÇÕES DE PESSOAL",3,1,90,94
31909402,"INDENIZAÇÃO POR PROGRAMA DE DESLIGAMENTO VOLUNTÁRIO",3,1,90,94
31909403,"INDENIZAÇÃO POR EXONERAÇÃO E DEMISSÃO",3,1,90,94
31909404,"LICENÇA PRÊMIO POR ASSIDUIDADE",3,1,90,94
31909405,"INDENIZAÇÃO POR SERVIÇO VOLUNTÁRIO",3,1,90,94
31909407,"ATUALIZAÇÃO MONETÁRIA E JUROS DE MORA DE PESSOAL",3,1,90,94
31909600,"RESSARCIMENTO DE DESPESAS DE PESSOAL REQUISITADO",3,1,90,96
31909601,"PESSOAL CIVIL",3,1,90,96
31909602,"PESSOAL MILITAR",3,1,90,96
31910000,"APLICAÇÃO DIRETA ENTRE ENTES DO OFSS",3,1,91,00
31911300,"OBRIGAÇÕES PATRONAIS",3,1,91,13
31911308,"CONTRIBUIÇÃO PATRONAL",3,1,91,13
31919200,"DESPESAS DE EXERCÍCIOS ANTERIORES",3,1,91,92
31919213,"OBRIGAÇÕES PATRONAIS",3,1,91,92
31919296,"RESSARCIMENTO DE DESPESAS DE PESSOAL REQUISITADO",3,1,91,92
31919600,"RESSARCIMENTO DE DESPESAS DE PESSOAL REQUISITADO",3,1,91,96
31919601,"PESSOAL CIVIL",3,1,91,96
31919602,"PESSOAL MILITAR",3,1,91,96
32000000,"JUROS E ENCARGOS DA DÍVIDA",3,2,00,00
32200000,"TRANSFERÊNCIAS À UNIÃO",3,2,20,00
32202100,"JUROS SOBRE A DÍVIDA POR CONTRATO",3,2,20,21
32202101,"JUROS DA DÍVIDA INTERNA CONTRATUAL COM INSTITUIÇÕES FINANCEIRAS",3,2,20,21
32202103,"JUROS DA DÍVIDA PARCELADA - INSS",3,2,20,21
32202104,"JUROS DA DÍVIDA PARCELADA - PASEP",3,2,20,21
32202105,"JUROS DA DÍVIDA PARCELADA - COFINS",3,2,20,21
32202106,"JUROS DA DÍVIDA PARCELADA - REFIS",3,2,20,21
32202107,"JUROS DA DÍVIDA PARCELADA - PARCELAMENTO ESPECIAL",3,2,20,21
32202108,"JUROS DA DÍVIDA PARCELADA -  PARCELAMENTO EXCEPCIONAL",3,2,20,21
32202200,"OUTROS ENCARGOS SOBRE A DÍVIDA POR CONTRATO",3,2,20,22
32202201,"ENCARGOS DA DÍVIDA INTERNA CONTRATUAL COM INSTITUIÇÕES FINANCEIRAS",3,2,20,22
32800000,"TRANSFERÊNCIAS AO EXTERIOR",3,2,80,00
32808400,"DESPESAS DECORRENTES DE PARTICIPAÇÃO EM FUNDOS,",3,2,80,84
32808401,"DESPESAS DECORRENTES DE PARTICIPAÇÃO EM FUNDOS,",3,2,80,84
32900000,"APLICAÇÕES DIRETAS",3,2,90,00
32902100,"JUROS SOBRE A DÍVIDA POR CONTRATO",3,2,90,21
32902101,"JUROS DA DÍVIDA INTERNA CONTRATUAL COM INSTITUIÇÕES FINANCEIRAS",3,2,90,21
32902102,"JUROS DA DÍVIDA EXTERNA CONTRATUAL COM INSTITUIÇÕES FINANCEIRAS",3,2,90,21
32902103,"JUROS DA DÍVIDA PARCELADA - INSS",3,2,90,21
32902104,"JUROS DA DÍVIDA PARCELADA - PASEP",3,2,90,21
32902105,"JUROS DA DÍVIDA PARCELADA - COFINS",3,2,90,21
32902106,"JUROS DA DÍVIDA PARCELADA - REFIS",3,2,90,21
32902107,"JUROS DA DÍVIDA PARCELADA - PARCELAMENTO ESPECIAL",3,2,90,21
32902108,"JUROS DA DÍVIDA PARCELADA -  PARCELAMENTO EXCEPCIONAL",3,2,90,21
32902199,"OUTROS JUROS DA DÍVIDA CONTRATADA",3,2,90,21
32902200,"OUTROS ENCARGOS SOBRE A DÍVIDA POR CONTRATO",3,2,90,22
32902201,"ENCARGOS DA DÍVIDA INTERNA CONTRATUAL COM INSTITUIÇÕES FINANCEIRAS",3,2,90,22
32902202,"ENCARGOS DA DÍVIDA EXTERNA CONTRATUAL COM INSTITUIÇÕES FINANCEIRAS",3,2,90,22
32902300,"JUROS, DESÁGIOS E DESCONTOS DA DÍVIDA MOBILIÁRIA",3,2,90,23
32902301,"JUROS DA DÍVIDA MOBILIÁRIA INTERNA",3,2,90,23
32902302,"JUROS DA DÍVIDA MOBILIÁRIA EXTERNA",3,2,90,23
32902400,"OUTROS ENCARGOS SOBRE A DÍVIDA MOBILIÁRIA",3,2,90,24
32902500,"ENCARGOS SOBRE OPERAÇÕES DE CRÉDITO POR ANTECIPAÇÃO DE RECEITA",3,2,90,25
32902600,"OBRIGAÇÕES DECORRENTES DE POLÍTICA MONETÁRIA",3,2,90,26
32909200,"DESPESAS DE EXERCÍCIOS ANTERIORES",3,2,90,92
32909221,"JUROS SOBRE A DÍVIDA POR CONTRATO",3,2,90,92
32909222,"OUTROS ENCARGOS SOBRE A DÍVIDA POR CONTRATO",3,2,90,92
33000000,"OUTRAS DESPESAS CORRENTES",3,3,00,00
33200000,"TRANSFERÊNCIAS À UNIÃO",3,3,20,00
33203900,"OUTROS SERVIÇOS DE TERCEIROS - PESSOA JURÍDICA",3,3,20,39
33203902,CONDOMÍNIOS,3,3,20,39
33203935,"MULTAS DEDUTÍVEIS",3,3,20,39
33203936,"MULTAS INDEDUTÍVEIS",3,3,20,39
33203937,JUROS,3,3,20,39
33203938,"ENCARGOS FINANCEIROS DEDUTÍVEIS",3,3,20,39
33203939,"ENCARGOS FINANCEIROS INDEDUTÍVEIS",3,3,20,39
33203948,"SERVIÇOS DE SELEÇÃO E TREINAMENTO",3,3,20,39
33203951,"SERVIÇOS DE ANÁLISES E PESQUISAS CIENTÍFICAS",3,3,20,39
33203966,"SERVIÇOS JUDICIÁRIOS",3,3,20,39
33204100,CONTRIBUIÇÕES,3,3,20,41
33204101,"INSTITUIÇÕES DE CARÁTER CULTURAL",3,3,20,41
33204102,"INSTITUIÇÕES DE PESQUISA E DESENVOLVIMENTO TECNOLÓGICO",3,3,20,41
33204103,"INSTITUIÇÕES DE CARÁTER AMBIENTAL",3,3,20,41
33204104,"INSTITUIÇÕES DE CARÁTER AGROPECUÁRIO",3,3,20,41
33204105,"INSTITUIÇÕES DE DESENVOLVIMENTO RURAL",3,3,20,41
33204106,"INSTITUIÇÕES DE CARÁTER DESPORTIVO",3,3,20,41
33209100,"SENTENÇAS JUDICIAIS",3,3,20,91
33209101,"ACORDO TRABALHISTA/JUDICIAL",3,3,20,91
33209102,"PRECATÓRIOS ALIMENTARES",3,3,20,91
33209103,"PRECATÓRIOS NÃO ALIMENTARES",3,3,20,91
33209104,"REQUISIÇÕES JUDICIAIS DE PEQUENO VALOR",3,3,20,91
33209105,"SENTENÇAS JUDICIAIS A EX-EMPREGADOS",3,3,20,91
33209106,FGTS,3,3,20,91
33209107,"INSS EMPREGADOR",3,3,20,91
33209108,HONORÁRIO,3,3,20,91
33209109,CUSTAS,3,3,20,91
33209110,"MANDADOS DE SEGURANÇA E MEDIDAS CAUTELARES",3,3,20,91
33209141,"MULTAS DEDUTÍVEIS",3,3,20,91
33209142,"JUROS E ENCARGOS",3,3,20,91
33209144,"MULTAS INDEDUTÍVEIS",3,3,20,91
33209199,"OUTRAS SENTENÇAS JUDICIAIS",3,3,20,91
33209200,"DESPESAS DE EXERCÍCIOS ANTERIORES",3,3,20,92
33209239,"OUTROS SERVIÇOS DE TERCEIROS - PESSOA JURÍDICA",3,3,20,92
33400000,"TRANSFERÊNCIAS A MUNICÍPIOS",3,3,40,00
33404100,CONTRIBUIÇÕES,3,3,40,41
33404101,"INSTITUIÇÕES DE CARÁTER CULTURAL",3,3,40,41
33404102,"INSTITUIÇÕES DE PESQUISA E DESENVOLVIMENTO TECNOLÓGICO",3,3,40,41
33404103,"INSTITUIÇÕES DE CARÁTER AMBIENTAL",3,3,40,41
33404104,"INSTITUIÇÕES DE CARÁTER AGROPECUÁRIO",3,3,40,41
33404105,"INSTITUIÇÕES DE DESENVOLVIMENTO RURAL",3,3,40,41
33404106,"INSTITUIÇÕES DE CARÁTER DESPORTIVO",3,3,40,41
33500000,"TRANSFERÊNCIAS A INSTITUIÇÕES PRIVADAS SEM FINS LUCRATIVOS",3,3,50,00
33503000,"MATERIAL DE CONSUMO",3,3,50,30
33503400,"OUTRAS DESPESAS DE PESSOAL DECORRENTES DE CONTRATOS DE TERCEIRIZAÇÃO",3,3,50,34
33503401,"SUBSTITUIÇÃO DE MÃO-DE-OBRA (ART.18, § 1º LC Nº 101/00)",3,3,50,34
33503900,"OUTROS SERVIÇOS DE TERCEIROS - PESSOA JURÍDICA",3,3,50,39
33503901,"ASSINATURAS DE PERIÓDICOS E ANUIDADES",3,3,50,39
33503902,CONDOMÍNIOS,3,3,50,39
33503903,"COMISSÕES E CORRETAGENS",3,3,50,39
33504100,CONTRIBUIÇÕES,3,3,50,41
33504101,"INSTITUIÇÕES DE CARÁTER CULTURAL",3,3,50,41
33504102,"INSTITUIÇÕES DE PESQUISA E DESENVOLVIMENTO TECNOLÓGICO",3,3,50,41
33504103,"INSTITUIÇÕES DE CARÁTER AMBIENTAL",3,3,50,41
33504104,"INSTITUIÇÕES DE CARÁTER AGROPECUÁRIO",3,3,50,41
33504105,"INSTITUIÇÕES DE DESENVOLVIMENTO RURAL",3,3,50,41
33504106,"INSTITUIÇÕES DE CARÁTER DESPORTIVO",3,3,50,41
33504200,AUXÍLIOS,3,3,50,42
33504201,"INSTITUIÇÕES DE CARÁTER CULTURAL",3,3,50,42
33504202,"INSTITUIÇÕES DE PESQUISA E DESENVOLVIMENTO TECNOLÓGICO",3,3,50,42
33504203,"INSTITUIÇÕES DE CARÁTER AMBIENTAL",3,3,50,42
33504204,"INSTITUIÇÕES DE CARÁTER AGROPECUÁRIO",3,3,50,42
33504205,"INSTITUIÇÕES DE DESENVOLVIMENTO RURAL",3,3,50,42
33504206,"INSTITUIÇÕES DE CARÁTER DESPORTIVO",3,3,50,42
33504207,"INSTITUIÇÕES DE CARÁTER ASSISTENCIAL",3,3,50,42
33504208,"INSTITUIÇÕES DE CARÁTER EDUCACIONAL",3,3,50,42
33504209,"INSTITUIÇÕES DE SAÚDE",3,3,50,42
33504300,"SUBVENÇÕES SOCIAIS",3,3,50,43
33504301,"INSTITUIÇÕES DE CARÁTER EDUCACIONAL",3,3,50,43
33504302,"INSTITUIÇÕES DE CARÁTER ASSISTENCIAL",3,3,50,43
33504303,"INSTITUIÇÕES DE SAÚDE",3,3,50,43
33508400,"DESP. PARTICIP. EM FUNDOS OU ENTIDADE ASSEMELHADA",3,3,50,84
33600000,"TRANSFERÊNCIAS A INSTITUIÇÕES PRIVADAS COM FINS LUCRATIVOS",3,3,60,00
33604100,CONTRIBUIÇÕES,3,3,60,41
33604106,"INSTITUIÇÕES DE CARÁTER DESPORTIVO",3,3,60,41
33604500,"SUBVENÇÕES ECONÔMICAS",3,3,60,45
33604501,"AQUISIÇÃO E PRODUÇÃO DE BENS DE CAPITAL",3,3,60,45
33604502,"DESENVOLVIMENTO DE INOVAÇÃO EM MICROEMPRESAS E EMPRESAS DE PEQUENO POR",3,3,60,45
33700000,"TRANSFERÊNCIAS A INSTITUIÇÕES MULTIGOVERNAMENTAIS",3,3,70,00
33704100,CONTRIBUIÇÕES,3,3,70,41
33704101,"INSTITUIÇÕES DE CARÁTER CULTURAL",3,3,70,41
33710000,"TRANSFERÊNCIAS A CONSÓRCIOS PÚBLICOS MEDIANTE CONTRATO DE RATEIO",3,3,71,00
33717000,"RATEIO PELA PARTICIPAÇÃO EM CONSÓRCIO PÚBLICO",3,3,71,70
33717001,"RATEIO PELA PARTICIPAÇÃO EM CONSÓRCIO PÚBLICO",3,3,71,70
33800000,"TRANSFERÊNCIAS AO EXTERIOR",3,3,80,00
33804100,CONTRIBUIÇÕES,3,3,80,41
33804101,"INSTITUIÇÕES DE CARÁTER CULTURAL",3,3,80,41
33804106,"INSTITUIÇÕES DE CARÁTER DESPORTIVO",3,3,80,41
33804200,AUXÍLIOS,3,3,80,42
33804209,"INSTITUIÇÕES DE SAÚDE",3,3,80,42
33804300,"SUBVENÇÕES SOCIAIS",3,3,80,43
33804303,"INSTITUIÇÕES DE SAÚDE",3,3,80,43
33808400,"DESPESAS DECORRENTES DE PARTICIPAÇÃO EM FUNDOS,",3,3,80,84
33808401,"DESPESAS DECORRENTES DE PARTICIPAÇÃO EM FUNDOS,",3,3,80,84
33900000,"APLICAÇÕES DIRETAS",3,3,90,00
33900500,"OUTROS BENEFÍCIOS PREVIDENCIÁRIOS DO SERVIDOR OU DO MILITAR",3,3,90,05
33900505,AUXÍLIO-RECLUSÃO,3,3,90,05
33900509,SALÁRIO-FAMÍLIA,3,3,90,05
33900600,"BENEFÍCIO MENSAL AO DEFICIENTE E AO IDOSO",3,3,90,06
33900601,"BENEFÍCIO MENSAL AO DEFICIENTE E AO IDOSO",3,3,90,06
33900800,"OUTROS BENEFÍCIOS ASSISTENCIAIS DO SERVIDOR E DO MILITAR",3,3,90,08
33900801,"AUXÍLIO-FUNERAL - PESSOAL ATIVO",3,3,90,08
33900802,"AUXÍLIO-FUNERAL - PESSOAL INATIVO",3,3,90,08
33900803,"AUXÍLIO-FUNERAL - PENSIONISTA",3,3,90,08
33900804,"AUXÍLIO-ACIDENTE DE TRABALHO",3,3,90,08
33900805,AUXÍLIO-NATALIDADE,3,3,90,08
33900810,AUXÍLIO-INVALIDEZ,3,3,90,08
33900811,"AUXÍLIO-ASSISTÊNCIA MÉDICA",3,3,90,08
33900812,"PLANO DE SAÚDE - COTA DE PARTICIPAÇÃO",3,3,90,08
33900850,"SALÁRIO EDUCAÇÃO",3,3,90,08
33900851,AUXÍLIO-DOENÇA,3,3,90,08
33900855,"AUXÍLIO-CRECHE (PRÉ-ESCOLAR)",3,3,90,08
33900864,"AUXÍLIO-SOCIAL - SUPRIMENTO DE FUNDOS - SAÚDE",3,3,90,08
33900899,"OUTROS BENEFÍCIOS ASSISTENCIAIS",3,3,90,08
33901000,"SEGURO DESEMPREGO E ABONO SALARIAL",3,3,90,10
33901099,"OUTROS BENEFÍCIOS DE NATUREZA SOCIAL",3,3,90,10
33901400,"DIÁRIAS - PESSOAL CIVIL",3,3,90,14
33901414,"DIÁRIAS NO PAÍS",3,3,90,14
33901416,"DIÁRIAS NO EXTERIOR",3,3,90,14
33901500,"DIÁRIAS - PESSOAL MILITAR",3,3,90,15
33901514,"DIÁRIAS NO PAÍS",3,3,90,15
33901516,"DIÁRIAS NO EXTERIOR",3,3,90,15
33901800,"AUXÍLIO FINANCEIRO A ESTUDANTE",3,3,90,18
33901801,"BOLSA DE ESTUDOS NO PAÍS",3,3,90,18
33901802,"BOLSA DE ESTUDOS NO EXTERIOR",3,3,90,18
33901803,"BOLSA DE ESTUDOS RESIDENTES",3,3,90,18
33901804,"AUXÍLIO-MORADIA RESIDENTES",3,3,90,18
33901805,"AUXÍLIO PARA O DESENVOLVIMENTO DE ESTUDOS E PESQUISAS",3,3,90,18
33901806,"BOLSAS DE ESTUDO - BENEFÍCIO",3,3,90,18
33901900,AUXÍLIO-FARDAMENTO,3,3,90,19
33901901,"AUXÍLIO-FARDAMENTO MILITAR",3,3,90,19
33902000,"AUXÍLIO FINANCEIRO A PESQUISADORES",3,3,90,20
33902001,"APOIO A PESQUISADORES NA ÁREA DA AGRICULTURA",3,3,90,20
33902002,"APOIO A PESQUISADORES NA ÁREA DA EDUCAÇÃO",3,3,90,20
33902003,"APOIO A PESQUISADORES NA ÁREA DE SEGURANÇA PÚBLICA",3,3,90,20
33902004,"APOIO A PESQUISADORES NA ÁREA DE SAÚDE",3,3,90,20
33902005,"APOIO A PESQUISADORES NA ÁREA DA CIÊNCIA E TECNOLOGIA",3,3,90,20
33902700,"ENCARGOS PELA HONRA DE AVAIS, GARANTIAS, SEGUROS E SIMILARES",3,3,90,27
33903000,"MATERIAL DE CONSUMO",3,3,90,30
33903001,"COMBUSTÍVEIS E LUBRIFICANTES AUTOMOTIVOS",3,3,90,30
33903002,"COMBUSTÍVEIS E LUBRIFICANTES DE AVIAÇÃO",3,3,90,30
33903003,"COMBUSTÍVEIS E LUBRIFICANTES PARA OUTRAS FINALIDADES",3,3,90,30
33903004,"GÁS ENGARRAFADO",3,3,90,30
33903005,"EXPLOSIVOS E MUNIÇÕES",3,3,90,30
33903006,"ALIMENTOS PARA ANIMAIS",3,3,90,30
33903007,"GÊNEROS DE ALIMENTAÇÃO",3,3,90,30
33903008,"ANIMAIS PARA PESQUISA E ABATE",3,3,90,30
33903009,"MATERIAL FARMACOLÓGICO",3,3,90,30
33903010,"MATERIAL ODONTOLÓGICO",3,3,90,30
33903011,"MATERIAL QUÍMICO",3,3,90,30
33903012,"MATERIAL DE COUDELARIA OU DE USO ZOOTÉCNICO",3,3,90,30
33903013,"MATERIAL DE CAÇA E PESCA",3,3,90,30
33903014,"MATERIAL EDUCATIVO E ESPORTIVO PARA ESTOQUE NO ÓRGÃO",3,3,90,30
33903015,"MATERIAL PARA EVENTOS EM GERAL",3,3,90,30
33903016,"MATERIAL DE EXPEDIENTE",3,3,90,30
33903017,"MATERIAL DE INFORMÁTICA",3,3,90,30
33903018,"MATERIAIS E MEDICAMENTOS PARA USO VETERINÁRIO",3,3,90,30
33903019,"MATERIAL DE ACONDICIONAMENTO E EMBALAGEM",3,3,90,30
33903020,"MATERIAL DE CAMA, MESA E BANHO",3,3,90,30
33903021,"MATERIAL DE COPA E COZINHA",3,3,90,30
33903022,"MATERIAL DE LIMPEZA E PRODUÇÃO DE HIGIENIZAÇÃO",3,3,90,30
33903023,"UNIFORMES, TECIDOS E AVIAMENTOS",3,3,90,30
33903024,"MATERIAL PARA MANUTENÇÃO DE BENS IMÓVEIS/INSTALAÇÕES",3,3,90,30
33903025,"MATERIAL PARA MANUTENÇÃO DE BENS MÓVEIS",3,3,90,30
33903026,"MATERIAL ELÉTRICO E ELETRÔNICO",3,3,90,30
33903027,"MATERIAL DE MANOBRA E PATRULHAMENTO",3,3,90,30
33903028,"MATERIAL DE PROTEÇÃO E SEGURANÇA",3,3,90,30
33903029,"MATERIAL PARA ÁUDIO, VÍDEO E FOTO",3,3,90,30
33903030,"MATERIAL PARA COMUNICAÇÕES",3,3,90,30
33903031,"SEMENTES, MUDAS DE PLANTAS E INSUMOS",3,3,90,30
33903032,"SUPRIMENTO DE AVIAÇÃO",3,3,90,30
33903033,"MATERIAL PARA PRODUÇÃO INDUSTRIAL",3,3,90,30
33903034,"SOBRESSALENTES, MÁQUINAS E MOTORES DE NAVIOS E EMBARCAÇÕES",3,3,90,30
33903035,"MATERIAL LABORATORIAL",3,3,90,30
33903036,"MATERIAL HOSPITALAR",3,3,90,30
33903037,"SOBRESSALENTES DE ARMAMENTO",3,3,90,30
33903038,"SUPRIMENTO DE PROTEÇÃO AO VOO",3,3,90,30
33903039,"MATERIAL PARA MANUTENÇÃO DE VEÍCULOS",3,3,90,30
33903040,"MATERIAL BIOLÓGICO",3,3,90,30
33903041,"MATERIAL PARA UTILIZAÇÃO EM GRÁFICA",3,3,90,30
33903042,FERRAMENTAS,3,3,90,30
33903043,"MATERIAL PARA REABILITAÇÃO PROFISSIONAL",3,3,90,30
33903044,"MATERIAL DE SINALIZAÇÃO VISUAL E AFINS",3,3,90,30
33903045,"MATERIAL TÉCNICO PARA SELEÇÃO E TREINAMENTO",3,3,90,30
33903046,"MATERIAL BIBLIOGRÁFICO NÃO IMOBILIZÁVEL",3,3,90,30
33903049,"PEÇAS DE MANUTENÇÃO PARA EQUIPAMENTOS METROVIÁRIOS",3,3,90,30
33903050,"BANDEIRAS, FLÂMULAS E INSÍGNIAS",3,3,90,30
33903052,"MATERIAL DE CARÁTER SECRETO OU RESERVADO",3,3,90,30
33903053,"MATERIAL METEOROLÓGICO",3,3,90,30
33903054,"MATERIAL P/ MANUTENÇÃO E CONSERVAÇÃO DE ESTRADAS E VIAS",3,3,90,30
33903055,"SELOS PARA CONTROLE FISCAL",3,3,90,30
33903064,"SUPRIMENTO DE FUNDOS",3,3,90,30
33903082,"PROGRAMA DE DESCENTRALIZAÇÃO PROGRESSIVA DE AÇÕES DE SAÚDE - PDPAS",3,3,90,30
33903100,"PREMIAÇÕES CULTURAIS, ARTÍSTICAS, CIENTÍFICAS, DESPORTIVAS E OUTRAS",3,3,90,31
33903101,"PREMIAÇÕES CULTURAIS",3,3,90,31
33903102,"PREMIAÇÕES ARTÍSTICAS",3,3,90,31
33903103,"PREMIAÇÕES CIENTÍFICAS",3,3,90,31
33903104,"PREMIAÇÕES DESPORTIVAS",3,3,90,31
33903105,"ORDENS HONORÍFICAS",3,3,90,31
33903106,"PREMIAÇÕES EM PECÚNIA",3,3,90,31
33903199,"OUTRAS PREMIAÇÕES",3,3,90,31
33903200,"MATERIAL, BEM OU SERVIÇO PARA DISTRIBUIÇÃO GRATUITA",3,3,90,32
33903203,"LIVROS DIDÁTICOS",3,3,90,32
33903204,"GÊNEROS ALIMENTÍCIOS",3,3,90,32
33903206,"MEDICAMENTOS E MATERIAL FARMACÊUTICO",3,3,90,32
33903207,"MATERIAL PARA CERIMONIAL",3,3,90,32
33903208,"MATERIAL DESTINADO À ASSISTÊNCIA SOCIAL",3,3,90,32
33903209,"PRODUTOS AGRÍCOLAS",3,3,90,32
33903210,"MATERIAL EDUCACIONAL E CULTURAL",3,3,90,32
33903214,"MATERIAL ESPORTIVO",3,3,90,32
33903215,"MATERIAL PARA REABILITAÇÃO PROFISSIONAL",3,3,90,32
33903216,"MATERIAL PARA DIVULGAÇÃO",3,3,90,32
33903217,"MATERIAL DESTINADO A CONTRIBUINTE",3,3,90,32
33903218,"MATERIAL PARA IDENTIFICAÇÃO DE BENEFICIÁRIOS",3,3,90,32
33903219,"URNA MORTUÁRIA",3,3,90,32
33903299,"OUTROS MATERIAIS DE DISTRIBUIÇÃO GRATUITA",3,3,90,32
33903300,"PASSAGENS E DESPESAS COM LOCOMOÇÃO",3,3,90,33
33903301,"PASSAGENS PARA O PAÍS",3,3,90,33
33903302,"PASSAGENS PARA O EXTERIOR",3,3,90,33
33903303,"FRETES E LOCAÇÃO DE VEÍCULOS POR NECESSIDADE DE SERVIÇO",3,3,90,33
33903304,"MUDANÇAS EM OBJETO DE SERVIÇO",3,3,90,33
33903305,"SERVIÇO DE AGENCIAMENTO DE VIAGENS",3,3,90,33
33903306,"PASSAGENS E LOCOMOÇÃO NA SUPERVISÃO DE VENDAS",3,3,90,33
33903307,PEDÁGIOS,3,3,90,33
33903308,"TRANSPORTE DE SERVIDORES",3,3,90,33
33903400,"OUTRAS DESPESAS DE PESSOAL DECORRENTES DE CONTRATOS DE TERCEIRIZAÇÃO",3,3,90,34
33903401,"SUBSTITUIÇÃO DE MÃO-DE-OBRA (ART.18, § 1º LC Nº 101/00)",3,3,90,34
33903500,"SERVIÇOS DE CONSULTORIA",3,3,90,35
33903501,"CONSULTORIA JURÍDICA",3,3,90,35
33903502,"CONSULTORIA EM AUDITORIA EXTERNA",3,3,90,35
33903503,"CONSULTORIA EM ADMINISTRAÇÃO TRIBUTÁRIA",3,3,90,35
33903504,"CONSULTORIA CONTÁBIL",3,3,90,35
33903505,"CONSULTORIA ESPORTIVA",3,3,90,35
33903506,"CONSULTORIA EM TECNOLOGIA DA INFORMAÇÃO",3,3,90,35
33903507,"CONSULTORIA EM GESTÃO DE PESSOAS",3,3,90,35
33903508,"CONSULTORIA EM GESTÃO FINANCEIRA",3,3,90,35
33903509,"CONSULTORIA EM TRANSPORTES",3,3,90,35
33903599,"OUTROS SERVIÇOS DE CONSULTORIA",3,3,90,35
33903600,"OUTROS SERVIÇOS DE TERCEIROS - PESSOA FÍSICA",3,3,90,36
33903601,CONDOMÍNIOS,3,3,90,36
33903602,"DIÁRIAS A COLABORADORES EVENTUAIS NO PAÍS",3,3,90,36
33903603,"DIÁRIAS A COLABORADORES EVENTUAIS NO EXTERIOR",3,3,90,36
33903604,"COMISSÕES E CORRETAGENS",3,3,90,36
33903605,"DIREITOS AUTORAIS",3,3,90,36
33903606,"SERVIÇOS TÉCNICOS PROFISSIONAIS",3,3,90,36
33903607,ESTAGIÁRIOS,3,3,90,36
33903608,"BOLSA DE INICIAÇÃO AO TRABALHO",3,3,90,36
33903609,"SALÁRIOS DE INTERNOS EM PENITENCIÁRIAS",3,3,90,36
33903610,"SERVIÇOS DE SELEÇÃO E APERFEIÇOAMENTO",3,3,90,36
33903612,"CAPATAZIA, ESTIVA E PESAGEM",3,3,90,36
33903613,"CONFERÊNCIAS, EXPOSIÇÕES E ESPETÁCULOS",3,3,90,36
33903614,ARMAZENAGEM,3,3,90,36
33903615,"LOCAÇÃO DE IMÓVEIS",3,3,90,36
33903616,"LOCAÇÃO DE BENS MÓVEIS",3,3,90,36
33903618,"MANUTENÇÃO E CONSERVAÇÃO DE EQUIPAMENTOS",3,3,90,36
33903620,"MANUTENÇÃO E CONSERVAÇÃO DE VEÍCULOS",3,3,90,36
33903621,"MANUTENÇÃO E CONSERVAÇÃO DE BENS MÓVEIS DE OUTRAS NATUREZAS",3,3,90,36
33903622,"MANUTENÇÃO E CONSERVAÇÃO DE BENS IMÓVEIS",3,3,90,36
33903623,"FORNECIMENTO DE ALIMENTAÇÃO",3,3,90,36
33903624,"SERVIÇOS DE CARÁTER SECRETO OU RESERVADO",3,3,90,36
33903625,"SERVIÇOS DE LIMPEZA E CONSERVAÇÃO",3,3,90,36
33903627,"SERVIÇOS DE COMUNICAÇÃO EM GERAL",3,3,90,36
33903628,"SERVIÇO DE SELEÇÃO E TREINAMENTO",3,3,90,36
33903630,"SERVIÇOS MÉDICOS E ODONTOLÓGICOS",3,3,90,36
33903631,"SERVIÇOS DE REABILITAÇÃO PROFISSIONAL",3,3,90,36
33903632,"SERVIÇOS DE ASSISTÊNCIA SOCIAL",3,3,90,36
33903634,"SERVIÇOS DE PERÍCIAS MÉDICAS POR BENEFÍCIOS",3,3,90,36
33903635,"SERVIÇO DE APOIO ADMINISTRATIVO, TÉCNICO E OPERACIONAL",3,3,90,36
33903636,"SERVIÇO DE CONSERVAÇÃO E REBENEFICIAMENTO DE MERCADORIAS",3,3,90,36
33903637,"CONFECÇÃO DE MATERIAL DE ACONDICIONAMENTO E EMBALAGEM",3,3,90,36
33903638,"CONFECÇÃO DE UNIFORMES, BANDEIRAS E FLÂMULAS",3,3,90,36
33903639,"FRETES E TRANSPORTES DE ENCOMENDAS",3,3,90,36
33903640,"ENCARGOS FINANCEIROS DEDUTÍVEIS",3,3,90,36
33903641,"MULTAS DEDUTÍVEIS",3,3,90,36
33903642,"JUROS E MULTAS",3,3,90,36
33903643,"ENCARGOS FINANCEIROS INDEDUTÍVEIS",3,3,90,36
33903644,"MULTAS INDEDUTÍVEIS",3,3,90,36
33903645,"JETONS A CONSELHEIROS",3,3,90,36
33903646,"DIÁRIAS A CONSELHEIROS",3,3,90,36
33903648,"CONCESSÃO DE CRÉDITO NOTA LEGAL",3,3,90,36
33903655,"PRESTAÇÃO DE SERVIÇOS AMBIENTAIS",3,3,90,36
33903659,"SERVIÇOS DE ÁUDIO, VÍDEO E FOTO",3,3,90,36
33903660,"APURAÇÃO DOS GASTOS COM A EDUCAÇÃO - LDB",3,3,90,36
33903664,"SUPRIMENTO DE FUNDOS",3,3,90,36
33903699,"OUTROS SERVIÇOS",3,3,90,36
33903700,"LOCAÇÃO DE MÃO DE OBRA",3,3,90,37
33903701,"APOIO ADMINISTRATIVO, TÉCNICO E OPERACIONAL",3,3,90,37
33903702,"LIMPEZA E HIGIENIZAÇÃO",3,3,90,37
33903703,"VIGILÂNCIA OSTENSIVA",3,3,90,37
33903704,"MANUTENÇÃO E CONSERVAÇÃO DE BENS IMÓVEIS",3,3,90,37
33903705,"SERVIÇOS DE COPA E COZINHA",3,3,90,37
33903706,"MANUTENÇÃO E CONSERVAÇÃO DE BENS MÓVEIS",3,3,90,37
33903707,"OPERADORES DE MÁQUINAS E MOTORISTAS",3,3,90,37
33903708,"SERVIÇOS DE LAVANDERIA",3,3,90,37
33903709,"MANUTENÇÃO DE EQUIPAMENTOS",3,3,90,37
33903710,"SERVIÇOS DE JARDINAGEM",3,3,90,37
33903711,"HONORÁRIOS ADVOCATÍCIOS",3,3,90,37
33903712,"SERVIÇOS DE SOCORRO E SALVAMENTO",3,3,90,37
33903713,"SERVIÇO DE LIMPEZA URBANA",3,3,90,37
33903714,"SERVIÇO DE FISCAL DE PISO",3,3,90,37
33903715,"LOCAÇÃO DE MÃO DE OBRA DE MANUTENÇÃO DE SUSTENTAÇÃO DE SOFTWARE",3,3,90,37
33903716,"LOCAÇÃO DE MÃO DE OBRA DE SUPORTE DE INFRAESTRUTURA DE TI",3,3,90,37
33903717,"LOCAÇÃO DE MÃO DE OBRA DE SUPORTE A USUÁRIOS DE TI",3,3,90,37
33903718,"LOCAÇÃO DE MÃO DE OBRA DE MANUTENÇÃO EVOLUTIVA DE SOFTWARE",3,3,90,37
33903719,"LOCAÇÃO DE MÃO DE OBRA DE DESENVOLVIMENTO DE SOFTWARE SOB ENCOMENDA",3,3,90,37
33903720,"LOCAÇÃO DE MÃO DE OBRA PARA MANUTENÇÃO DE EQUIPAMENTO DE TI",3,3,90,37
33903799,"OUTRAS LOCAÇÕES DE MÃO DE OBRA",3,3,90,37
33903800,"ARRENDAMENTO MERCANTIL",3,3,90,38
33903801,"MÁQUINAS E APARELHOS",3,3,90,38
33903802,"VEÍCULOS FERROVIÁRIOS",3,3,90,38
33903803,"VEÍCULOS RODOVIÁRIOS",3,3,90,38
33903804,"OUTROS BENS MÓVEIS",3,3,90,38
33903805,"BENS IMÓVEIS",3,3,90,38
33903899,"OUTROS ARRENDAMENTOS",3,3,90,38
33903900,"OUTROS SERVIÇOS DE TERCEIROS - PESSOA JURÍDICA",3,3,90,39
33903901,"ASSINATURAS DE PERIÓDICOS E ANUIDADES",3,3,90,39
33903902,CONDOMÍNIOS,3,3,90,39
33903903,"COMISSÕES E CORRETAGENS",3,3,90,39
33903904,"DIREITOS AUTORAIS",3,3,90,39
33903905,"SERVIÇOS TÉCNICOS PROFISSIONAIS",3,3,90,39
33903906,"SERVIÇOS DE CAPATAZIA, ESTIVA E PESAGEM",3,3,90,39
33903907,"DESCONTOS FINANCEIROS CONCEDIDOS",3,3,90,39
33903908,"MANUTENÇÃO DE SOFTWARE",3,3,90,39
33903909,"SERVIÇOS DE ARMAZENAGEM",3,3,90,39
33903910,"LOCAÇÃO DE IMÓVEIS",3,3,90,39
33903911,"LOCAÇÃO DE SOFTWARE",3,3,90,39
33903912,"LOCAÇÃO DE MÁQUINAS, EQUIPAMENTOS E BENS MÓVEIS",3,3,90,39
33903913,"SERVIÇO DE LIMPEZA URBANA",3,3,90,39
33903914,"LOCAÇÃO DE BENS INTANGÍVEIS",3,3,90,39
33903915,"REPARO, CONSERVAÇÃO E MANUTENÇÃO DE ARMAMENTOS",3,3,90,39
33903916,"MANUTENÇÃO E CONSERVAÇÃO DE BENS IMÓVEIS",3,3,90,39
33903917,"MANUTENÇÃO, CONSERVAÇÃO E INSTAL MÁQ E EQUIP ELÉTRICOS E ELETRÔNICOS",3,3,90,39
33903918,"HIGIENE E TRATAMENTO DE ÁGUA",3,3,90,39
33903919,"MANUTENÇÃO E CONSERVAÇÃO DE VEÍCULOS",3,3,90,39
33903920,"MANUTENÇÃO E CONSERVAÇÃO DE BENS MÓVEIS",3,3,90,39
33903921,"MANUTENÇÃO E CONSERVAÇÃO DE ESTRADAS E VIAS",3,3,90,39
33903922,"SERVIÇOS PARA EVENTOS EM GERAL",3,3,90,39
33903923,"SERVIÇO DE LOCAÇÃO DE VEÍCULO",3,3,90,39
33903925,"MANUTENÇÃO EVOLUTIVA DE SOFTWARE",3,3,90,39
33903926,"LOCAÇÃO DE IMPLEMENTOS AGRÍCOLAS",3,3,90,39
33903927,"PLANTIO E REFLORESTAMENTO",3,3,90,39
33903928,"LEVANTAMENTO, PROSPECÇÃO E ANÁLISE DE DADOS GEOGRÁFICOS, TOPOGRÁFICOS",3,3,90,39
33903929,"LEVANTAMENTO, PROSPECÇÃO E ANÁLISE DE DADOS ESTATÍSTICOS, ECONÔMICOS E",3,3,90,39
33903930,"APURAÇÃO DOS GASTOS COM A EDUCAÇÃO - LDB",3,3,90,39
33903931,"ANUIDADES E TAXAS EM ASSOCIAÇÕES, FEDERAÇÕES E CONSELHOS",3,3,90,39
33903932,"SERVIÇOS DE COMUNICAÇÃO VISUAL E AFINS",3,3,90,39
33903933,"SERVIÇOS TECNICOS PROFISSIONAIS DE TI",3,3,90,39
33903935,"MULTAS DEDUTÍVEIS",3,3,90,39
33903936,"MULTAS INDEDUTÍVEIS",3,3,90,39
33903937,JUROS,3,3,90,39
33903938,"ENCARGOS FINANCEIROS DEDUTÍVEIS",3,3,90,39
33903939,"ENCARGOS FINANCEIROS INDEDUTÍVEIS",3,3,90,39
33903940,"PROGRAMA DE ALIMENTAÇÃO DO TRABALHADOR",3,3,90,39
33903941,"FORNECIMENTO DE ALIMENTAÇÃO",3,3,90,39
33903942,"SERVIÇOS DE CARÁTER SECRETO OU RESERVADO",3,3,90,39
33903943,"SERVIÇOS DE ENERGIA ELÉTRICA",3,3,90,39
33903944,"SERVIÇOS DE ÁGUA E ESGOTO",3,3,90,39
33903945,"SERVIÇOS DE GÁS",3,3,90,39
33903946,"SERVIÇOS DOMÉSTICOS",3,3,90,39
33903947,"SERVIÇOS DE COMUNICAÇÃO EM GERAL",3,3,90,39
33903948,"SERVIÇOS DE SELEÇÃO E TREINAMENTO",3,3,90,39
33903949,"PRODUÇÕES JORNALÍSTICAS",3,3,90,39
33903950,"SERVIÇO MÉDICO-HOSPITALAR, ODONTOLÓGICO E LABORATORIAL",3,3,90,39
33903951,"SERVIÇOS DE ANÁLISES E PESQUISAS CIENTÍFICAS",3,3,90,39
33903952,"SERVIÇOS DE REABILITAÇÃO PROFISSIONAL",3,3,90,39
33903953,"SERVIÇOS DE ASSISTÊNCIA SOCIAL",3,3,90,39
33903954,"SERVIÇOS DE CRECHES E ASSISTÊNCIA PRÉ- ESCOLAR",3,3,90,39
33903955,"PRESTAÇÃO DE SERVIÇOS AMBIENTAIS",3,3,90,39
33903956,"SERVIÇOS DE PERÍCIAS MÉDICAS POR BENEFÍCIOS",3,3,90,39
33903957,"SERVIÇOS DE SUPORTE, MANUTENÇÃO E GARANTIA ESTENDIDA DE EQUIPAMENTOS D",3,3,90,39
33903958,"SERVIÇOS DE TELECOMUNICAÇÕES",3,3,90,39
33903959,"SERVIÇOS DE ÁUDIO, VÍDEO E FOTO",3,3,90,39
33903960,"MANUTENÇÃO E CONSERVAÇÃO DE SUBSISTEMA DE TI",3,3,90,39
33903961,"SERVIÇOS DE SOCORRO E SALVAMENTO",3,3,90,39
33903963,"SERVIÇOS GRÁFICOS",3,3,90,39
33903964,"SUPRIMENTO DE FUNDOS",3,3,90,39
33903965,"SERVIÇOS DE APOIO AO ENSINO",3,3,90,39
33903966,"SERVIÇOS JUDICIÁRIOS",3,3,90,39
33903967,"SERVIÇOS FUNERÁRIOS",3,3,90,39
33903968,"SERVIÇO DE CONSERVAÇÃO E REBENEFICIAMENTO DE MERCADORIAS",3,3,90,39
33903969,"SEGUROS EM GERAL",3,3,90,39
33903970,"CONFECÇÃO DE UNIFORMES, BANDEIRAS E FLÂMULAS",3,3,90,39
33903971,"SERVIÇOS DE CONFECÇÃO DE MATERIAL DE ACONDICIONAMENTO E EMBALAGEM",3,3,90,39
33903972,VALE-TRANSPORTE,3,3,90,39
33903974,"FRETES E TRANSPORTES DE ENCOMENDAS",3,3,90,39
33903975,"TAXA DE ADMINISTRAÇÃO - FUNDOS DE INVESTIMENTOS",3,3,90,39
33903976,"CLASSIFICAÇÃO DE PRODUTOS",3,3,90,39
33903977,"VIGILÂNCIA OSTENSIVA",3,3,90,39
33903978,"SERVIÇOS DE LIMPEZA E CONSERVAÇÃO",3,3,90,39
33903979,"SERVIÇO DE APOIO ADMINISTRATIVO, TÉCNICO E OPERACIONAL",3,3,90,39
33903980,HOSPEDAGENS,3,3,90,39
33903981,"SERVIÇOS BANCÁRIOS",3,3,90,39
33903982,"PROGRAMA DE DESCENTRALIZAÇÃO PROGRESSIVA DE AÇÕES DE SAÚDE - PDPAS",3,3,90,39
33903983,"SERVIÇOS DE IMPRESSÃO, REPRODUÇÃO E DIGITALIZAÇÃO DE DOCUMENTO",3,3,90,39
33903984,"TAXA DE ADMINISTRAÇÃO - SELEÇÃO E RECRUTAMENTO DE ESTUDANTES",3,3,90,39
33903985,"SERVIÇOS EM ITENS REPARÁVEIS DE AVIAÇÃO",3,3,90,39
33903986,"PATROCÍNIO E/OU APOIO A EVENTOS",3,3,90,39
33903987,"CONTRATAÇÃO DE ESTAGIÁRIOS",3,3,90,39
33903988,"SERVIÇOS DE PUBLICIDADE E PROPAGANDA INSTITUCIONAL",3,3,90,39
33903989,"SERVIÇOS DE PUBLICIDADE E PROPAGANDA DE UTILIDADE PÚBLICA",3,3,90,39
33903990,"SERVIÇOS DE PUBLICIDADE E PROPAGANDA LEGAL",3,3,90,39
33903991,"SERVIÇOS DE ABASTECIMENTO DA FROTA DE VEÍCULOS",3,3,90,39
33903992,"SERVIÇOS DE ABASTECIMENTO DE AERONAVES",3,3,90,39
33903993,"SERVIÇOS DE GERENCIAMENTO DE SISTEMAS",3,3,90,39
33903994,"COMPLEMENTO TARIFÁRIO SISTEMA DE TRANSPORTE PÚBLICO COLETIVO",3,3,90,39
33903996,"SERVIÇOS DE SUPORTE, MANUTENÇÃO E GARANTIA ESTENDIDA DE EQUIPAMENTOS E",3,3,90,39
33903997,"DESPESAS COM REDES DE DADOS",3,3,90,39
33903999,"OUTROS SERVIÇOS DE TERCEIROS - PESSOA JURÍDICA",3,3,90,39
33904000,"SERVIÇOS DE TECNOLOGIA DA INFORMAÇÃO E COMUNICAÇÃO - PESSOA JURÍDICA",3,3,90,40
33904001,"LOCAÇÃO DE EQUIPAMENTOS DE TIC - ATIVOS DE REDE",3,3,90,40
33904002,"LOCAÇÃO DE EQUIPAMENTOS DE TIC - COMPUTADORES",3,3,90,40
33904003,"LOCAÇÃO DE EQUIPAMENTOS DE TIC - SERVIDORES/STORAGE",3,3,90,40
33904004,"LOCAÇÃO DE EQUIPAMENTOS DE TIC - IMPRESSORAS",3,3,90,40
33904005,"LOCAÇÃO DE EQUIPAMENTOS DE TIC - TELEFONIA",3,3,90,40
33904006,"LOCAÇÃO DE SOFTWARES",3,3,90,40
33904007,"MANUTENÇÃO CORRETIVA/ADAPTATIVA E SUSTENTAÇÃO SOFTWARES",3,3,90,40
33904008,"DESENVOLVIMENTO DE SOFTWARE",3,3,90,40
33904009,"HOSPEDAGENS DE SISTEMAS",3,3,90,40
33904010,"SUPORTE A USUARIOS DE TIC",3,3,90,40
33904011,"SUPORTE DE INFRAESTRUTURA DE TI",3,3,90,40
33904012,"MANUTENÇÃO E CONSERVAÇÃO DE EQUIPAMENTOS DE TIC",3,3,90,40
33904013,"COMUNICAÇÃO DE DADOS",3,3,90,40
33904014,"TELEFONIA FIXA E MÓVEL - PACOTE DE COMUNICAÇÃO DE DADOS",3,3,90,40
33904015,"DIGITALIZAÇÃO/INDEXAÇÃO DE DOCUMENTOS",3,3,90,40
33904016,"OUTSOURCING DE IMPRESSÃO",3,3,90,40
33904017,"COMPUTAÇÃO DE NUVEM - INFRAESTRUTURA COMO SERVIÇO/IAAS",3,3,90,40
33904018,"COMPUTAÇÃO DE NUVEM - INFRAESTRUTURA COMO SERVIÇO/PAAS",3,3,90,40
33904019,"COMPUTAÇÃO DE NUVEM - INFRAESTRUTURA COMO SERVIÇO/SAAS",3,3,90,40
33904020,"TREINAMENTO/CAPACITAÇÃO EM TIC",3,3,90,40
33904021,"SERVIÇOS TÉCNICOS PROFISSIONAIS DE TIC",3,3,90,40
33904022,"INSTALAÇÃO EQUIPAMENTOS DE TIC",3,3,90,40
33904023,"EMISSÃO DE CERTIFICADOS DIGITAIS",3,3,90,40
33904024,"MANUTENÇÃO EVOLUTIVA DE SOFTWARES",3,3,90,40
33904025,"AQUISIÇÃO DE SOFTWARE",3,3,90,40
33904026,"DESENVOLVIMENTO DE SOFTWARE POR ENCOMENDA",3,3,90,40
33904027,"MELHORIA E MANUTENÇÃO DE EQUIPAMENTOS DE TIC",3,3,90,40
33904096,"SERVIÇOS DE TIC PESSOA JURÍDICA - PAGAMENTO ANTECIPADO",3,3,90,40
33904099,"OUTROS SERVIÇOS DE TIC",3,3,90,40
33904500,"SUBVENÇÕES ECONOMICAS",3,3,90,45
33904501,"AQUISIÇÃO E PRODUÇÃO DE BENS DE CAPITAL",3,3,90,45
33904502,"DESENVOLVIMENTO DE INOVAÇÃO EM MICROEMPRESAS E EMPRESAS DE PEQUENO POR",3,3,90,45
33904600,AUXÍLIO-ALIMENTAÇÃO,3,3,90,46
33904601,"AUXÍLIO-ALIMENTAÇÃO - MILITAR",3,3,90,46
33904602,"AUXÍLIO-ALIMENTAÇÃO - CIVIL",3,3,90,46
33904700,"OBRIGAÇÕES TRIBUTÁRIAS E CONTRIBUTIVAS",3,3,90,47
33904701,"ENCARGOS TRIBUTÁRIOS",3,3,90,47
33904703,"CONTRIBUIÇÕES PARA O PIS/PASEP",3,3,90,47
33904704,"CONTRIBUIÇÃO SOCIAL SOBRE O LUCRO LÍQUIDO",3,3,90,47
33904705,COFINS,3,3,90,47
33904706,TAXAS,3,3,90,47
33904707,"OBRIGAÇÕES PATRONAIS - SERVIÇOS DE TERCEIROS PESSOA FÍSICA",3,3,90,47
33904708,"INSS - DIÁRIAS",3,3,90,47
33904709,"OBRIGAÇÕES PATRONAIS SOBRE SERVIÇOS DE PESSOA JURÍDICA",3,3,90,47
33904710,"IMPOSTO DE RENDA - PESSOA JURÍDICA",3,3,90,47
33904711,"TRIBUTOS À CONTA DO LOCATÁRIO",3,3,90,47
33904712,"MULTAS, JUROS E ENCARGOS DE MORA",3,3,90,47
33904713,"CONTRIBUIÇÕES DE INTERESSE DAS CATEGORIAS PROFISSIONAIS",3,3,90,47
33904799,"OUTRAS OBRIGAÇÕES TRIBUTÁRIAS E CONTRIBUTIVAS",3,3,90,47
33904800,"OUTROS AUXÍLIOS FINANCEIROS A PESSOAS FÍSICAS",3,3,90,48
33904801,AUXÍLIO-MORADIA,3,3,90,48
33904802,"BOLSA ATLETA",3,3,90,48
33904803,"PASSAGENS INTERESTADUAIS PARA MIGRANTES",3,3,90,48
33904804,"PASSES URBANOS",3,3,90,48
33904805,"BOLSAS DE ESTUDO A SERVIDORES",3,3,90,48
33904806,"BOLSAS DOS PROGRAMAS SOCIAIS",3,3,90,48
33904807,AUXÍLIO-SAÚDE,3,3,90,48
33904808,"PROGRAMA DE INCLUSÃO DIGITAL PARA PROFESSORES",3,3,90,48
33904809,"CHEQUE MORADIA",3,3,90,48
33904810,"AUXÍLIO A PARTICIPANTES DE CURSO DE FORMAÇÃO",3,3,90,48
33904811,"AUXÍLIO FINANCEIRO A PROJETOS ARTÍSTICOS E CULTURAIS",3,3,90,48
33904812,"BOLSA ATLETA PARAOLÍMPICO",3,3,90,48
33904813,"BENEFÍCIO FÁBRICA SOCIAL - APROVEITAMENTO INDIVIDUAL",3,3,90,48
33904814,"BENEFÍCIO FÁBRICA SOCIAL - INCENTIVO DE ASSIDUIDADE",3,3,90,48
33904815,"BENEFÍCIO FÁBRICA SOCIAL - AUXÍLIO-ALIMENTAÇÃO",3,3,90,48
33904816,"BENEFÍCIO FÁBRICA SOCIAL - AUXÍLIO-TRANSPORTE",3,3,90,48
33904817,"PARTICIPAÇÃO EM EVENTOS",3,3,90,48
33904818,"AUXÍLIO-NATALIDADE - POLÍTICA DE ASSISTÊNCIA SOCIAL",3,3,90,48
33904819,"AUXÍLIO POR MORTE - POLÍTICA DE ASSISTÊNCIA SOCIAL",3,3,90,48
33904820,"AUXÍLIO EM SITUAÇÕES DE VULNERABILIDADE TEMPORÁRIA - POLITICA DE ASSIS",3,3,90,48
33904821,"AUXÍLIO EM SITUAÇÕES DE DESASTRE E CALAMIDADE PÚBLICA - POLÍTICA DE AS",3,3,90,48
33904822,"PROGRAMA BRASÍLIA SEM FRONTEIRAS",3,3,90,48
33904823,"BOLSAS PARA EDUCAÇÃO PELO TRABALHO",3,3,90,48
33904824,"PROGRAMA ENSINO MÉDIO EM TEMPO INTEGRAL - EMTI",3,3,90,48
33904865,"AUXILIO ALIMENTAÇÃO A PESSOAS QUE PRESTAM SERVIÇOS HABITACIONAIS VOLUN",3,3,90,48
33904866,"AUXILIO TRANSPORTE A PESSOAS QUE PRESTAM SERVIÇOS HABITACIONAIS VOLUNT",3,3,90,48
33904900,AUXÍLIO-TRANSPORTE,3,3,90,49
33904901,AUXÍLIO-TRANSPORTE,3,3,90,49
33904902,VALE-COMBUSTIVEL,3,3,90,49
33905900,"PENSÕES EPECIAIS",3,3,90,59
33905901,"PENSÃO INDENIZATÓRIA",3,3,90,59
33905904,"PENSÃO ESPECIAL - ERROS MÉDICOS",3,3,90,59
33906700,"DEPÓSITOS COMPULSÓRIOS",3,3,90,67
33906702,"DEPOSITOS JUDICIAIS",3,3,90,67
33906703,"DEPOSITOS PARA RECURSOS",3,3,90,67
33909100,"SENTENÇAS JUDICIAIS",3,3,90,91
33909101,"ACORDO TRABALHISTA/JUDICIAL",3,3,90,91
33909102,"PRECATÓRIOS ALIMENTARES",3,3,90,91
33909103,"PRECATÓRIOS NÃO ALIMENTARES",3,3,90,91
33909104,"REQUISIÇÕES JUDICIAIS DE PEQUENO VALOR",3,3,90,91
33909105,"SENTENÇAS JUDICIAIS A EX-EMPREGADOS",3,3,90,91
33909106,FGTS,3,3,90,91
33909107,"INSS EMPREGADOR",3,3,90,91
33909108,HONORÁRIO,3,3,90,91
33909109,CUSTAS,3,3,90,91
33909110,"MANDADOS DE SEGURANÇA E MEDIDAS CAUTELARES",3,3,90,91
33909141,"MULTAS DEDUTÍVEIS",3,3,90,91
33909142,"JUROS E ENCARGOS",3,3,90,91
33909144,"MULTAS INDEDUTÍVEIS",3,3,90,91
33909149,"DIFERENÇA DE AUXÍLIO TRANSPORTE PECÚNIA",3,3,90,91
33909199,"OUTRAS SENTENÇAS JUDICIAIS",3,3,90,91
33909200,"DESPESAS DE EXERCÍCIOS ANTERIORES",3,3,90,92
33909201,"APOSENTADORIAS DO RPPS, RESERVA REMUNERADA E REFORMAS DOS MILITARES",3,3,90,92
33909203,"PENSÕES DO RPPS E DO MILITAR",3,3,90,92
33909208,"OUTROS BENEFÍCIOS ASSISTENCIAIS DO SERVIDOR E DO MILITAR",3,3,90,92
33909210,"SEGURO DESEMPREGO E ABONO SALARIAL",3,3,90,92
33909214,"DIÁRIAS - PESSOAL CIVIL",3,3,90,92
33909215,"DIÁRIAS - PESSOAL MILITAR",3,3,90,92
33909218,"AUXÍLIO FINANCEIRO A ESTUDANTE",3,3,90,92
33909219,AUXÍLIO-FARDAMENTO,3,3,90,92
33909220,"AUXÍLIO FINANCEIRO A PESQUISADORES",3,3,90,92
33909230,"MATERIAL DE CONSUMO",3,3,90,92
33909231,"PREMIAÇÕES CULTURAIS, ARTÍSTICAS, CIENTÍFICAS, DESPORTIVAS E OUTRAS",3,3,90,92
33909232,"MATERIAL, BEM OU SERVIÇO PARA DISTRIBUIÇÃO GRATUITA",3,3,90,92
33909233,"PASSAGENS E DESPESAS COM LOCOMOÇÃO",3,3,90,92
33909234,"OUTRAS DESPESAS DE PESSOAL DECORRENTES DE CONTRATOS DE TERCEIRIZAÇÃO",3,3,90,92
33909235,"SERVIÇOS DE CONSULTORIA",3,3,90,92
33909236,"OUTROS SERVIÇOS DE TERCEIROS - PESSOA FÍSICA",3,3,90,92
33909237,"LOCAÇÃO DE MÃO DE OBRA",3,3,90,92
33909238,"ARRENDAMENTO MERCANTIL",3,3,90,92
33909239,"OUTROS SERVIÇOS DE TERCEIROS - PESSOA JURÍDICA",3,3,90,92
33909240,"SERVIÇOS DE TECNOLOGIA DA INFORMAÇÃO E COMUNICAÇÃO",3,3,90,92
33909246,AUXÍLIO-ALIMENTAÇÃO,3,3,90,92
33909247,"OBRIGAÇÕES TRIBUTÁRIAS E CONTRIBUTIVAS",3,3,90,92
33909248,"OUTROS AUXÍLIOS FINANCEIROS A PESSOAS FÍSICAS",3,3,90,92
33909249,AUXÍLIO-TRANSPORTE,3,3,90,92
33909291,"SENTENÇAS JUDICIAIS",3,3,90,92
33909293,"INDENIZAÇÕES, RESTITUIÇÕES E RESSARCIMENTOS",3,3,90,92
33909300,"INDENIZAÇÕES, RESTITUIÇÕES E RESSARCIMENTOS",3,3,90,93
33909303,"RESTITUIÇÕES DE CONVÊNIOS",3,3,90,93
33909304,"INDENIZAÇÃO DE TRANSPORTE",3,3,90,93
33909305,"RESSARCIMENTOS DE DESPESAS MÉDICAS, ODONTOLÓGICAS E COM MEDICAMENTOS",3,3,90,93
33909306,"RESTITUIÇÕES DE TRIBUTOS",3,3,90,93
33909307,"RESTITUIÇÕES POR DESAPROPRIAÇÃO - BENS DE USO COMUM",3,3,90,93
33909308,"RESTITUIÇÕES DE CONTRIBUIÇÃO INDEVIDA",3,3,90,93
33909309,"VERBA INDENIZATÓRIA AOS DEPUTADOS",3,3,90,93
33909310,"PREJUÍZOS, PERDAS OU DANOS CAUSADOS A TERCEIROS",3,3,90,93
33909311,"AJUDA DE CUSTO - PESSOAL CIVIL",3,3,90,93
33909312,"AJUDA DE CUSTO - PESSOAL MILITAR",3,3,90,93
33909313,"RESTITUIÇÕES DE MULTAS",3,3,90,93
33909315,"RESTITUIÇÕES DE CURSOS",3,3,90,93
33909316,"RESTITUIÇÕES DE ALUGUÉIS",3,3,90,93
33909317,"RESTITUIÇÕES DE SERVIÇOS DIVERSOS",3,3,90,93
33909318,"RESTITUIÇÕES DE JUROS E ENCARGOS DA DÍVIDA",3,3,90,93
33909319,"AUXÍLIO MORADIA",3,3,90,93
33909320,"ETAPAS PARA ALIMENTAÇÃO",3,3,90,93
33909321,"INDENIZAÇÃO SEM CONTRATO - SERVIÇO DE LIMPEZA",3,3,90,93
33909322,"INDENIZAÇÃO SEM CONTRATO - SERVIÇO DE VIGILÂNCIA",3,3,90,93
33909323,"INDENIZAÇÃO SEM CONTRATO - SERVIÇO DE FORNECIMENTO DE ALIMENTAÇÃO HOSP",3,3,90,93
33909324,"INDENIZAÇÃO SEM CONTRATO - TELEFONIA FIXA",3,3,90,93
33909325,"INDENIZAÇÃO SEM CONTRATO - LOCAÇÃO DE IMÓVEL PES.FISICA E JURIDICA",3,3,90,93
33909326,"INDENIZAÇÃO SEM CONTRATO - SERVIÇO DE LAVANDERIA",3,3,90,93
33909327,"INDENIZAÇÃO SEM CONTRATO - FORNECIMENTO DE ÓLEO COMBUSTÍVEL",3,3,90,93
33909328,"INDENIZAÇÃO SEM CONTRATO - INTERNAÇÃO EM LEITOS DE UTI PRIVADOS",3,3,90,93
33909329,"INDENIZAÇÃO SEM CONTRATO - SERVIÇO DE TERAPIA RENAL SUBSTITUTIVA",3,3,90,93
33909330,"INDENIZAÇÃO SEM CONTRATO - SERVIÇO DE ESTERILIZAÇÃO (CME)",3,3,90,93
33909331,"INDENIZAÇÃO SEM CONTRATO - MANUTENÇÃO EQUIPAMENTOS MÉDICOS E DE SUPORT",3,3,90,93
33909332,"INDENIZAÇÃO SEM CONTRATO - FORNECIMENTO DE MATERIAL HOSPITALAR",3,3,90,93
33909333,"RESSARCIMENTOS SEM CONTRATO - PASSAGENS, SERVIÇOS FUNERÁRIOS E - TFD",3,3,90,93
33909334,"INDENIZAÇÃO SEM CONTRATO - OUTRAS DESPESAS DE PESSOAL DECORRENTES DE C",3,3,90,93
33909335,"INDENIZAÇÃO POR BENFEITORIA DE TERCEIROS",3,3,90,93
33909336,"INDENIZAÇÃO DE ABATE / SACRIFICIO DE ANIMAIS INFECTADOS",3,3,90,93
33909337,"INDENIZAÇÃO SEM CONTRATO - SERVIÇO DE PREPARO / COCÇÃO DE ALIMENTAÇÃO",3,3,90,93
33909338,"INDENIZAÇÃO SEM CONTRATO - SERVIÇO DE SELEÇÃO E TREINAMENTO",3,3,90,93
33909339,"INDENIZAÇÃO SEM CONTRATO - SERVIÇO DE MÃO DE OBRA - FUNAP",3,3,90,93
33909340,"INDENIZAÇÃO SEM CONTRATO - MANUTENÇÃO E CONSERVAÇÃO DE BENS IMÓVEIS",3,3,90,93
33909341,"RESTITUIÇÕES DE VALORES DEPOSITADOS/RECEBIDOS INDEVIDAMENTE",3,3,90,93
33909342,"INDENIZAÇÃO SEM CONTRATO - TRANSPORTE",3,3,90,93
33909343,"INDENIZAÇÃO SEM CONTRATO - MERENDA ESCOLAR",3,3,90,93
33909344,"INDENIZAÇÃO SEM CONTRATO - AQUISIÇÃO DE MATERIAL PARA MANUTENÇÃO DE BE",3,3,90,93
33909500,"INDENIZAÇÃO PELA EXECUÇÃO DE TRABALHO DE CAMPO",3,3,90,95
33909800,"COMPENSAÇÕES AO RGPS",3,3,90,98
33909801,"COMPENSAÇÕES AO RGPS",3,3,90,98
33910000,"APLICAÇÃO DIRETA ENTRE ENTES DO OFSS",3,3,91,00
33913000,"MATERIAL DE CONSUMO",3,3,91,30
33913300,"PASSAGENS E DESPESAS COM LOCOMOÇÃO",3,3,91,33
33913308,"TRANSPORTE DE SERVIDORES",3,3,91,33
33913400,"OUTRAS DESPESAS DE PESSOAL DECORRENTES DE CONTRATOS DE TERCEIRIZAÇÃO",3,3,91,34
33913401,"SUBSTITUIÇÃO DE MÃO-DE-OBRA (ART.18, § 1º LC Nº 101/00)",3,3,91,34
33913600,"OUTROS SERVIÇOS DE TERCEIROS - PESSOA FÍSICA",3,3,91,36
33913601,CONDOMÍNIOS,3,3,91,36
33913602,"DIÁRIAS A COLABORADORES EVENTUAIS NO PAÍS",3,3,91,36
33913603,"DIÁRIAS A COLABORADORES EVENTUAIS NO EXTERIOR",3,3,91,36
33913604,"COMISSÕES E CORRETAGENS",3,3,91,36
33913605,"DIREITOS AUTORAIS",3,3,91,36
33913606,"SERVIÇOS TÉCNICOS PROFISSIONAIS",3,3,91,36
33913607,ESTAGIÁRIOS,3,3,91,36
33913608,"BOLSA DE INICIAÇÃO AO TRABALHO",3,3,91,36
33913609,"SALÁRIOS DE INTERNOS EM PENITENCIARIAS",3,3,91,36
33913610,"SERVIÇOS DE SELEÇÃO E APERFEIÇOAMENTO",3,3,91,36
33913612,"CAPATAZIA, ESTIVA E PESAGEM",3,3,91,36
33913613,"CONFERÊNCIAS, EXPOSIÇÕES E ESPETÁCULOS",3,3,91,36
33913614,ARMAZENAGEM,3,3,91,36
33913615,"LOCAÇÃO DE IMÓVEIS",3,3,91,36
33913616,"LOCAÇÃO DE BENS MÓVEIS",3,3,91,36
33913618,"MANUTENÇÃO E CONSERVAÇÃO DE EQUIPAMENTOS",3,3,91,36
33913620,"MANUTENÇÃO E CONSERVAÇÃO DE VEÍCULOS",3,3,91,36
33913621,"MANUTENÇÃO E CONSERVAÇÃO DE BENS MÓVEIS DE OUTRAS NATUREZAS",3,3,91,36
33913622,"MANUTENÇÃO E CONSERVAÇÃO DE BENS IMÓVEIS",3,3,91,36
33913623,"FORNECIMENTO DE ALIMENTAÇÃO",3,3,91,36
33913624,"SERVIÇOS DE CARÁTER SECRETO OU RESERVADO",3,3,91,36
33913625,"SERVIÇOS DE LIMPEZA E CONSERVAÇÃO",3,3,91,36
33913627,"SERVIÇOS DE COMUNICAÇÃO EM GERAL",3,3,91,36
33913628,"SERVIÇO DE SELEÇÃO E TREINAMENTO",3,3,91,36
33913630,"SERVIÇOS MÉDICOS E ODONTOLÓGICOS",3,3,91,36
33913631,"SERVIÇOS DE REABILITAÇÃO PROFISSIONAL",3,3,91,36
33913632,"SERVIÇOS DE ASSISTÊNCIA SOCIAL",3,3,91,36
33913634,"SERVIÇOS DE PERÍCIAS MÉDICAS POR BENEFÍCIOS",3,3,91,36
33913635,"SERVIÇO DE APOIO ADMINISTRATIVO, TÉCNICO E OPERACIONAL",3,3,91,36
33913636,"SERVIÇO DE CONSERVAÇÃO E REBENEFICIAMENTO DE MERCADORIAS",3,3,91,36
33913637,"CONFECÇÃO DE MATERIAL DE ACONDICIONAMENTO E EMBALAGEM",3,3,91,36
33913638,"CONFECÇÃO DE UNIFORMES, BANDEIRAS E FLÂMULAS",3,3,91,36
33913639,"FRETES E TRANSPORTES DE ENCOMENDAS",3,3,91,36
33913640,"ENCARGOS FINANCEIROS DEDUTÍVEIS",3,3,91,36
33913641,"MULTAS DEDUTÍVEIS",3,3,91,36
33913642,"JUROS E MULTAS",3,3,91,36
33913643,"ENCARGOS FINANCEIROS INDEDUTÍVEIS",3,3,91,36
33913644,"MULTAS INDEDUTÍVEIS",3,3,91,36
33913645,"JETONS A CONSELHEIROS",3,3,91,36
33913646,"DIÁRIAS A CONSELHEIROS",3,3,91,36
33913648,"CONCESSÃO DE CRÉDITO NOTA LEGAL",3,3,91,36
33913655,"PRESTAÇÃO DE SERVIÇOS AMBIENTAIS",3,3,91,36
33913659,"SERVIÇOS DE ÁUDIO, VÍDEO E FOTO",3,3,91,36
33913660,"APURAÇÃO DOS GASTOS COM A EDUCAÇÃO - LDB",3,3,91,36
33913664,"SUPRIMENTO DE FUNDOS",3,3,91,36
33913699,"OUTROS SERVIÇOS",3,3,91,36
33913700,"LOCAÇÃO DE MÃO DE OBRA",3,3,91,37
33913701,"APOIO ADMINISTRATIVO, TÉCNICO E OPERACIONAL",3,3,91,37
33913900,"OUTROS SERVIÇOS DE TERCEIROS - PESSOA JURÍDICA",3,3,91,39
33913901,"ASSINATURAS DE PERIÓDICOS E ANUIDADES",3,3,91,39
33913902,CONDOMÍNIOS,3,3,91,39
33913903,"COMISSÕES E CORRETAGENS",3,3,91,39
33913904,"DIREITOS AUTORAIS",3,3,91,39
33913905,"SERVIÇOS TÉCNICOS PROFISSIONAIS",3,3,91,39
33913906,"SERVIÇOS DE CAPATAZIA, ESTIVA E PESAGEM",3,3,91,39
33913907,"DESCONTOS FINANCEIROS CONCEDIDOS",3,3,91,39
33913908,"MANUTENÇÃO DE SUSTENTAÇÃO DE SOFTWARE",3,3,91,39
33913909,"SERVIÇOS DE ARMAZENAGEM",3,3,91,39
33913910,"LOCAÇÃO DE IMÓVEIS",3,3,91,39
33913911,"LOCAÇÃO DE SOFTWARES",3,3,91,39
33913912,"LOCAÇÃO DE MÁQUINAS, EQUIPAMENTOS E BENS MÓVEIS",3,3,91,39
33913914,"LOCAÇÃO DE BENS INTANGÍVEIS",3,3,91,39
33913916,"MANUTENÇÃO E CONSERVAÇÃO DE BENS IMÓVEIS",3,3,91,39
33913917,"MANUTENÇÃO, CONSERVAÇÃO E INSTALAÇÃO DE MÁQUINAS E EQUIPAMENTOS ELÉTRI",3,3,91,39
33913919,"MANUTENÇÃO E CONSERVAÇÃO DE VEÍCULOS",3,3,91,39
33913926,"LOCAÇÃO DE IMPLEMENTOS AGRÍCOLAS",3,3,91,39
33913927,"PLANTIO E REFLORESTAMENTO",3,3,91,39
33913928,"LEVANTAMENTO, PROSPECÇÃO E ANÁLISE DE DADOS GEOGRÁFICOS, TOPOGRÁFICOS",3,3,91,39
33913929,"LEVANTAMENTO, PROSPECÇÃO E ANÁLISE DE DADOS ESTAT, ECON E SOCIO",3,3,91,39
33913931,"ANUIDADES E TAXAS EM ASSOCIAÇÕES, FEDERAÇÕES E CONSELHOS",3,3,91,39
33913936,"MULTAS INDEDUTÍVEIS",3,3,91,39
33913941,"FORNECIMENTO DE ALIMENTAÇÃO",3,3,91,39
33913946,"SERVIÇOS DOMÉSTICOS",3,3,91,39
33913947,"SERVIÇOS DE COMUNICAÇÃO EM GERAL",3,3,91,39
33913948,"SERVIÇOS DE SELEÇÃO E TREINAMENTO",3,3,91,39
33913949,"PRODUÇÕES JORNALÍSTICAS",3,3,91,39
33913950,"SERVIÇO MÉDICO-HOSPITALAR, ODONTOLÓGICO E LABORATORIAL",3,3,91,39
33913951,"SERVIÇOS DE ANÁLISES E PESQUISAS CIENTÍFICAS",3,3,91,39
33913952,"SERVIÇOS DE REABILITAÇÃO PROFISSIONAL",3,3,91,39
33913953,"SERVIÇOS DE ASSISTÊNCIA SOCIAL",3,3,91,39
33913957,"SERVIÇOS DE SUPORTE, MANUTENÇÃO E GARANTIA ESTENDIDA DE EQUIPAMENTOS D",3,3,91,39
33913959,"SERVIÇOS DE ÁUDIO, VÍDEO E FOTO",3,3,91,39
33913961,"SERVIÇOS DE SOCORRO E SALVAMENTO",3,3,91,39
33913963,"SERVIÇOS GRÁFICOS",3,3,91,39
33913972,VALE-TRANSPORTE,3,3,91,39
33913975,"TAXA DE ADMINISTRAÇÃO - FUNDOS DE INVESTIMENTOS",3,3,91,39
33913979,"SERVIÇO DE APOIO ADMINISTRATIVO, TÉCNICO E OPERACIONAL",3,3,91,39
33913982,"PROGRAMA DE DESCENTRALIZAÇÃO PROGRESSIVA DE AÇÕES DE SAÚDE - PDPAS",3,3,91,39
33913983,"SERVIÇOS DE IMPRESSÃO, REPRODUÇÃO E DIGITALIZAÇÃO DE DOCUMENTO",3,3,91,39
33913988,"SERVIÇOS DE PUBLICIDADE E PROPAGANDA INSTITUCIONAL",3,3,91,39
33913989,"SERVIÇOS DE PUBLICIDADE E PROPAGANDA DE UTILIDADE PÚBLICA",3,3,91,39
33913990,"SERVIÇOS DE PUBLICIDADE E PROPAGANDA LEGAL",3,3,91,39
33913994,"COMPLEMENTO TARIFÁRIO SISTEMA DE TRANSPORTE PÚBLICO COLETIVO",3,3,91,39
33913999,"OUTROS SERVIÇOS DE TERCEIROS - PESSOA JURÍDICA",3,3,91,39
33914700,"OBRIGAÇÕES TRIBUTÁRIAS E CONTRIBUTIVAS",3,3,91,47
33914701,"ENCARGOS TRIBUTÁRIOS",3,3,91,47
33914706,TAXAS,3,3,91,47
33914711,"TRIBUTOS À CONTA DO LOCATÁRIO",3,3,91,47
33914712,"MULTAS, JUROS E ENCARGOS DE MORA",3,3,91,47
33914800,"OUTROS AUXÍLIOS FINANCEIROS A PESSOAS FÍSICAS",3,3,91,48
33914804,"PASSES URBANOS",3,3,91,48
33919100,"SENTENÇAS JUDICIAIS",3,3,91,91
33919104,"REQUISIÇÕES JUDICIAIS DE PEQUENO VALOR",3,3,91,91
33919200,"DESPESAS DE EXERCÍCIOS ANTERIORES",3,3,91,92
33919239,"OUTROS SERVIÇOS DE TERCEIROS - PESSOA JURÍDICA",3,3,91,92
33919247,"OBRIGAÇÕES TRIBUTÁRIAS E CONTRIBUTIVAS",3,3,91,92
33919248,"OUTROS AUXÍLIOS FINANCEIROS A PESSOAS FÍSICAS",3,3,91,92
33919300,"INDENIZAÇÕES, RESTITUIÇÕES E RESSARCIMENTOS",3,3,91,93
33919319,"AUXÍLIO MORADIA",3,3,91,93
33919339,"INDENIZAÇÃO SEM CONTRATO - SERVIÇO DE MÃO DE OBRA - FUNAP",3,3,91,93
33919341,"RESTITUIÇÕES DE VALORES DEPOSITADOS/RECEBIDOS INDEVIDAMENTE",3,3,91,93
33919600,"RESSARCIMENTO DE DESPESAS DE PESSOAL REQUISITADO",3,3,91,96
33919700,"APORTE PARA COBERTURA DO DÉFICIT ATUARIAL DO RPPS",3,3,91,97
33919701,"APORTE PARA COBERTURA DO DÉFICIT ATUARIAL DO RPPS",3,3,91,97
40000000,"DESPESAS DE CAPITAL",4,0,00,00
44000000,INVESTIMENTOS,4,4,00,00
44200000,"TRANSFERÊNCIAS À UNIÃO",4,4,20,00
44204100,CONTRIBUIÇÕES,4,4,20,41
44204106,"INSTITUIÇÕES DE CARÁTER DESPORTIVO",4,4,20,41
44204200,AUXÍLIOS,4,4,20,42
44204201,"INSTITUIÇÕES DE CARÁTER CULTURAL",4,4,20,42
44204202,"INSTITUIÇÕES DE PESQUISA E DESENVOLVIMENTO TECNOLÓGICO",4,4,20,42
44204203,"INSTITUIÇÕES DE CARÁTER AMBIENTAL",4,4,20,42
44204204,"INSTITUIÇÕES DE CARÁTER AGROPECUÁRIO",4,4,20,42
44204205,"INSTITUIÇÕES DE DESENVOLVIMENTO RURAL",4,4,20,42
44204206,"INSTITUIÇÕES DE CARÁTER DESPORTIVO",4,4,20,42
44204207,"INSTITUIÇÕES DE CARÁTER ASSISTENCIAL",4,4,20,42
44204208,"INSTITUIÇÕES DE CARÁTER EDUCACIONAL",4,4,20,42
44204209,"INSTITUIÇÕES DE SAÚDE",4,4,20,42
44400000,"TRANSFERÊNCIAS A  MUNICÍPIOS",4,4,40,00
44404200,AUXÍLIOS,4,4,40,42
44404201,"INSTITUIÇÕES DE CARÁTER CULTURAL",4,4,40,42
44404202,"INSTITUIÇÕES DE PESQUISA E DESENVOLVIMENTO TECNOLÓGICO",4,4,40,42
44404203,"INSTITUIÇÕES DE CARÁTER AMBIENTAL",4,4,40,42
44404204,"INSTITUIÇÕES DE CARÁTER AGROPECUÁRIO",4,4,40,42
44404205,"INSTITUIÇÕES DE DESENVOLVIMENTO RURAL",4,4,40,42
44404206,"INSTITUIÇÕES DE CARÁTER DESPORTIVO",4,4,40,42
44404207,"INSTITUIÇÕES DE CARÁTER ASSISTENCIAL",4,4,40,42
44404208,"INSTITUIÇÕES DE CARÁTER EDUCACIONAL",4,4,40,42
44404209,"INSTITUIÇÕES DE SAÚDE",4,4,40,42
44500000,"TRANSFERÊNCIAS A INSTITUIÇÕES PRIVADAS SEM FINS LUCRATIVOS",4,4,50,00
44504100,CONTRIBUIÇÕES,4,4,50,41
44504101,"INSTITUIÇÕES DE CARÁTER CULTURAL",4,4,50,41
44504102,"INSTITUIÇÕES DE PESQUISA E DESENVOLVIMENTO TECNOLÓGICO",4,4,50,41
44504103,"INSTITUIÇÕES DE CARÁTER AMBIENTAL",4,4,50,41
44504104,"INSTITUIÇÕES DE CARÁTER AGROPECUÁRIO",4,4,50,41
44504105,"INSTITUIÇÕES DE DESENVOLVIMENTO RURAL",4,4,50,41
44504106,"INSTITUIÇÕES DE CARÁTER DESPORTIVO",4,4,50,41
44504200,AUXÍLIOS,4,4,50,42
44504201,"INSTITUIÇÕES DE CARÁTER CULTURAL",4,4,50,42
44504202,"INSTITUIÇÕES DE PESQUISA E DESENVOLVIMENTO TECNOLÓGICO",4,4,50,42
44504203,"INSTITUIÇÕES DE CARÁTER AMBIENTAL",4,4,50,42
44504204,"INSTITUIÇÕES DE CARÁTER AGROPECUÁRIO",4,4,50,42
44504205,"INSTITUIÇÕES DE DESENVOLVIMENTO RURAL",4,4,50,42
44504206,"INSTITUIÇÕES DE CARÁTER DESPORTIVO",4,4,50,42
44504207,"INSTITUIÇÕES DE CARÁTER ASSISTENCIAL",4,4,50,42
44504208,"INSTITUIÇÕES DE CARÁTER EDUCACIONAL",4,4,50,42
44504209,"INSTITUIÇÕES DE SAÚDE",4,4,50,42
44600000,"TRANSFERÊNCIAS A INSTITUIÇÕES PRIVADAS COM FINS LUCRATIVOS",4,4,60,00
44604100,CONTRIBUIÇÕES,4,4,60,41
44604101,"INSTITUIÇÕES DE CARÁTER CULTURAL",4,4,60,41
44604102,"INSTITUIÇÕES DE PESQUISA E DESENVOLVIMENTO TECNOLÓGICO",4,4,60,41
44604103,"INSTITUIÇÕES DE CARÁTER AMBIENTAL",4,4,60,41
44604104,"INSTITUIÇÕES DE CARÁTER AGROPECUÁRIO",4,4,60,41
44604105,"INSTITUIÇÕES DE DESENVOLVIMENTO RURAL",4,4,60,41
44604106,"INSTITUIÇÕES DE CARÁTER DESPORTIVO",4,4,60,41
44700000,"TRANSFERÊNCIAS A INSTITUIÇÕES MULTIGOVERNAMENTAIS",4,4,70,00
44710000,"TRANSFERÊNCIAS A CONSÓRCIOS PÚBLICOS MEDIANTE CONTRATO DE RATEIO",4,4,71,00
44717000,"RATEIO PELA PARTICIPAÇÃO EM CONSÓRCIO PÚBLICO",4,4,71,70
44717001,"RATEIO PELA PARTICIPAÇÃO EM CONSÓRCIO PÚBLICO",4,4,71,70
44800000,"TRANSFERÊNCIAS AO EXTERIOR",4,4,80,00
44808400,"DESPESAS DECORRENTES DE PARTICIPAÇÃO EM FUNDOS,",4,4,80,84
44808401,"DESPESAS DECORRENTES DE PARTICIPAÇÃO EM FUNDOS,",4,4,80,84
44900000,"APLICAÇÕES DIRETAS",4,4,90,00
44902000,"AUXÍLIO FINANCEIRO A PESQUISADORES",4,4,90,20
44902001,"APOIO A PESQUISADORES NA ÁREA DA AGRICULTURA",4,4,90,20
44902002,"APOIO A PESQUISADORES NA ÁREA DA EDUCAÇÃO",4,4,90,20
44902003,"APOIO A PESQUISADORES NA ÁREA DE SEGURANÇA PÚBLICA",4,4,90,20
44902004,"APOIO A PESQUISADORES NA ÁREA DE SAÚDE",4,4,90,20
44902005,"APOIO A PESQUISADORES NA ÁREA DA CIÊNCIA E TECNOLOGIA",4,4,90,20
44903000,"MATERIAL DE CONSUMO",4,4,90,30
44903017,"MATERIAL DE INFORMÁTICA",4,4,90,30
44903026,"MATERIAL ELÉTRICO E ELETRÔNICO",4,4,90,30
44903049,"PEÇAS DE MANUTENÇÃO PARA EQUIPAMENTOS METROVIÁRIOS",4,4,90,30
44903500,"SERVIÇOS DE CONSULTORIA",4,4,90,35
44903501,"CONSULTORIA JURÍDICA",4,4,90,35
44903502,"CONSULTORIA EM AUDITORIA EXTERNA",4,4,90,35
44903503,"CONSULTORIA EM ADMINISTRAÇÃO TRIBUTÁRIA",4,4,90,35
44903504,"CONSULTORIA CONTÁBIL",4,4,90,35
44903505,"CONSULTORIA ESPORTIVA",4,4,90,35
44903506,"CONSULTORIA EM TECNOLOGIA DA INFORMAÇÃO",4,4,90,35
44903507,"CONSULTORIA EM GESTÃO DE PESSOAS",4,4,90,35
44903508,"CONSULTORIA EM GESTÃO FINANCEIRA",4,4,90,35
44903509,"CONSULTORIA EM TRANSPORTE",4,4,90,35
44903599,"OUTROS SERVIÇOS DE CONSULTORIA",4,4,90,35
44903700,"LOCAÇÃO DE MÃO DE OBRA",4,4,90,37
44903701,"APOIO ADMINISTRATIVO, TÉCNICO E OPERACIONAL",4,4,90,37
44903900,"OUTROS SERVIÇOS DE TERCEIROS - PESSOA JURÍDICA",4,4,90,39
44903905,"SERVIÇOS TÉCNICOS PROFISSIONAIS",4,4,90,39
44903908,"SERVIÇO DE MANUTENÇÃO DE SOFTWARE DE APLICAÇÃO",4,4,90,39
44903924,"AQUISIÇÃO DE SOFTWARE",4,4,90,39
44903925,"MANUTENÇÃO EVOLUTIVA DE SOFTWARE",4,4,90,39
44903948,"SERVIÇOS DE SELEÇÃO E TREINAMENTO",4,4,90,39
44903962,"DESENVOLVIMENTO DE SOFTWARE POR ENCOMENDA",4,4,90,39
44904000,"SERVIÇOS DE TECNOLOGIA DA INFORMAÇÃO E COMUNICAÇÃO - PESSOA JURÍDICA",4,4,90,40
44904007,"MANUTENÇÃO CORRETIVA/ADAPTATIVA E SUSTENTAÇÃO SOFTWARES",4,4,90,40
44904008,"DESENVOLVIMENTO DE SOFTWARE",4,4,90,40
44904024,"MANUTENÇÃO EVOLUTIVA DE SOFTWARES",4,4,90,40
44904025,"AQUISIÇÃO DE SOFTWARE",4,4,90,40
44904026,"DESENVOLVIMENTO DE SOFTWARE POR ENCOMENDA",4,4,90,40
44905100,"OBRAS E INSTALAÇÕES",4,4,90,51
44905101,"ESTUDOS E PROJETOS",4,4,90,51
44905102,EDIFICAÇÃO,4,4,90,51
44905103,"OBRAS E URBANIZAÇÃO",4,4,90,51
44905104,"OBRAS RODOVIÁRIAS",4,4,90,51
44905105,INSTALAÇÕES,4,4,90,51
44905106,"GERENCIAMENTO DE OBRAS",4,4,90,51
44905107,"OBRAS COM O METRÔ",4,4,90,51
44905108,"BENFEITORIAS EM IMÓVEIS DE TERCEIROS",4,4,90,51
44905110,"MOBILIÁRIO URBANO",4,4,90,51
44905111,"EDIFICAÇÕES EM IMÓVEIS DE TERCEIROS",4,4,90,51
44905200,"EQUIPAMENTOS E MATERIAL PERMANENTE",4,4,90,52
44905202,AERONAVES,4,4,90,52
44905204,"APARELHOS DE MEDIÇÃO E ORIENTAÇÃO",4,4,90,52
44905206,"APARELHOS E EQUIPAMENTOS DE COMUNICAÇÃO",4,4,90,52
44905208,"APARELHOS, EQUIPAMENTOS, UTENSÍLIOS MÉDICOS-ODONTOLÓGICOS, LABORATORIA",4,4,90,52
44905210,"APARELHOS E EQUIPAMENTOS PARA ESPORTES E DIVERSÕES",4,4,90,52
44905212,"APARELHOS E UTENSÍLIOS DOMÉSTICOS",4,4,90,52
44905214,ARMAMENTOS,4,4,90,52
44905218,"COLEÇÕES E MATERIAIS BIBLIOGRÁFICOS",4,4,90,52
44905219,"DISCOTECAS E FILMOTECAS",4,4,90,52
44905220,EMBARCAÇÕES,4,4,90,52
44905222,"EQUIPAMENTOS DE MANOBRA E PATRULHAMENTO",4,4,90,52
44905224,"EQUIPAMENTO DE PROTEÇÃO, SEGURANÇA E SOCORRO",4,4,90,52
44905226,"INSTRUMENTOS MUSICAIS E ARTÍSTICOS",4,4,90,52
44905228,"MÁQUINAS E EQUIPAMENTOS DE NATUREZA INDUSTRIAL",4,4,90,52
44905230,"MÁQUINAS E EQUIPAMENTOS ENERGÉTICOS",4,4,90,52
44905232,"MÁQUINAS E EQUIPAMENTOS GRÁFICOS",4,4,90,52
44905233,"EQUIPAMENTOS PARA ÁUDIO, VÍDEO E FOTO",4,4,90,52
44905234,"MÁQUINAS, UTENSÍLIOS E EQUIPAMENTOS DIVERSOS",4,4,90,52
44905235,"EQUIPAMENTOS DE MICROINFORMÁTICA",4,4,90,52
44905236,"MÁQUINAS, INSTALAÇÕES E UTENSÍLIOS DE ESCRITÓRIO",4,4,90,52
44905238,"MÁQUINAS, FERRAMENTAS E UTENSÍLIOS DE OFICINA",4,4,90,52
44905239,"EQUIPAMENTOS E UTENSÍLIOS HIDRÁULICOS E ELÉTRICOS",4,4,90,52
44905240,"MÁQUINAS E EQUIPAMENTOS AGRÍCOLAS E RODOVIÁRIOS",4,4,90,52
44905242,"MOBILIÁRIO EM GERAL",4,4,90,52
44905244,"OBRAS DE ARTE E PEÇAS PARA MUSEU",4,4,90,52
44905246,SEMOVENTES,4,4,90,52
44905247,"EQUIPAMENTOS DE MONTARIA",4,4,90,52
44905248,"VEÍCULOS DIVERSOS",4,4,90,52
44905250,"VEÍCULOS FERROVIÁRIOS",4,4,90,52
44905251,"PEÇAS NÃO INCORPORÁVEIS A IMÓVEIS",4,4,90,52
44905252,"VEÍCULOS DE TRAÇÃO MECÂNICA",4,4,90,52
44905253,"CARROS DE COMBATE",4,4,90,52
44905254,"EQUIPAMENTOS, PEÇAS E ACESSÓRIOS AERONÁUTICOS",4,4,90,52
44905255,"EQUIPAMENTOS, PEÇAS E ACESSÓRIOS METROVIÁRIOS",4,4,90,52
44905256,"EQUIPAMENTOS, PEÇAS E ACESSÓRIOS DE PROTEÇÃO AO VÔO",4,4,90,52
44905257,"ACESSÓRIOS PARA AUTOMÓVEIS",4,4,90,52
44905258,"EQUIPAMENTOS DE MERGULHO E SALVAMENTO",4,4,90,52
44905260,"EQUIPAMENTOS, PEÇAS E ACESSÓRIOS MARÍTIMOS",4,4,90,52
44905261,"EQUIPAMENTOS DE ARMAZENAMENTO DE DADOS",4,4,90,52
44905262,"EQUIPAMENTOS DE PROCESSAMENTO DE DADOS",4,4,90,52
44905263,"EQUIPAMENTOS DE SEGURANÇA DA INFORMAÇÃO E BACKUP DE DADOS",4,4,90,52
44905264,"EQUIPAMENTOS ATIVOS DE REDE PARA REDE CORPORATIVA",4,4,90,52
44905265,"EQUIPAMENTOS ATIVOS DE REDE PARA REDE LOCAL",4,4,90,52
44905266,"EQUIPAMENTOS DE SUBSISTEMAS DE DATACENTER",4,4,90,52
44905283,"EQUIPAMENTOS E SISTEMA DE PROTEÇÃO E VIGILÂNCIA AMBIENTAL",4,4,90,52
44905289,"EQUIPAMENTOS, SOBRESSALENTES DE MÁQUINAS, MOTOR DE NAVIOS DE ESQUADRA",4,4,90,52
44905297,"BENS DE CONVÊNIO NÃO INCORPORADO",4,4,90,52
44905299,"OUTROS MATERIAIS PERMANENTES",4,4,90,52
44906500,"CONSTITUIÇÃO OU AUMENTO DE CAPITAL DE EMPRESAS",4,4,90,65
44906501,"PARTICIPAÇÃO EM CONSTITUIÇÃO DE CAPITAL DE EMPRESAS INDUSTRIAIS",4,4,90,65
44906502,"PARTICIPAÇÃO EM CONSTITUIÇÃO DE CAPITAL DE EMPRESAS AGRÍCOLAS",4,4,90,65
44906503,"PARTICIPAÇÃO EM AUMENTO DE CAPITAL DE EMPRESAS INDUSTRIAIS",4,4,90,65
44906504,"PARTICIPAÇÃO EM AUMENTO DE CAPITAL DE EMPRESAS AGRÍCOLAS",4,4,90,65
44906505,"PARTICIPAÇÃO EM CONSTITUIÇÃO DE CAPITAL DE EMPRESAS COMERCIAIS",4,4,90,65
44906506,"PARTICIPAÇÃO EM CONSTITUIÇÃO DE CAPITAL DE EMPRESAS FINANCEIRAS",4,4,90,65
44906507,"PARTICIPAÇÃO EM AUMENTO DE CAPITAL DE EMPRESAS COMERCIAIS",4,4,90,65
44906508,"PARTICIPAÇÃO EM AUMENTO DE CAPITAL DE EMPRESAS FINANCEIRAS",4,4,90,65
44906599,"CONSTITUIÇÃO OU AUMENTO DE CAPITAL DE EMPRESAS",4,4,90,65
44909200,"DESPESAS DE EXERCÍCIOS ANTERIORES",4,4,90,92
44909235,"SERVIÇOS DE CONSULTORIA",4,4,90,92
44909239,"OUTROS SERVIÇOS DE TERCEIROS - PESSOA JURÍDICA",4,4,90,92
44909240,"SERVIÇOS DE TECNOLOGIA DA INFORMAÇÃO E COMUNICAÇÃO",4,4,90,92
44909251,"OBRAS E INSTALAÇÕES",4,4,90,92
44909252,"EQUIPAMENTOS E MATERIAL PERMANENTE",4,4,90,92
44909297,"APORTE PARA COBERTURA DE DÉFICIT ATUARIAL DO RPPS",4,4,90,92
44909300,"INDENIZAÇÕES, RESTITUIÇÕES E RESSARCIMENTOS",4,4,90,93
44909303,"RESTITUIÇÕES DE CONVÊNIOS",4,4,90,93
44909305,"RESSARCIMENTOS DE DESPESAS MÉDICAS E ODONTOLÓGICAS",4,4,90,93
44910000,"APLICAÇÃO DIRETA ENTRE ENTES DO OFSS",4,4,91,00
44915100,"OBRAS E INSTALAÇÕES",4,4,91,51
44915101,"ESTUDOS E PROJETOS",4,4,91,51
44915102,EDIFICAÇÃO,4,4,91,51
44915103,"OBRAS E URBANIZAÇÃO",4,4,91,51
44915104,"OBRAS RODOVIÁRIAS",4,4,91,51
44915105,INSTALAÇÕES,4,4,91,51
44915106,"GERENCIAMENTO DE OBRAS",4,4,91,51
44915107,"OBRAS COM O METRÔ",4,4,91,51
44915108,"BENFEITORIAS EM IMÓVEIS DE TERCEIROS",4,4,91,51
44915110,"MOBILIÁRIO URBANO",4,4,91,51
44915111,"EDIFICAÇÕES EM IMÓVEIS DE TERCEIROS",4,4,91,51
44915200,"EQUIPAMENTOS E MATERIAL PERMANENTE",4,4,91,52
44915202,AERONAVES,4,4,91,52
44915204,"APARELHOS DE MEDIÇÃO E ORIENTAÇÃO",4,4,91,52
44915206,"APARELHOS E EQUIPAMENTOS DE COMUNICAÇÃO",4,4,91,52
44915208,"APARELHOS, EQUIPAMENTOS, UTENSÍLIOS MÉDICOS-ODONTOLÓGICOS, LABORATORIA",4,4,91,52
44915210,"APARELHOS E EQUIPAMENTOS PARA ESPORTES E DIVERSÕES",4,4,91,52
44915214,ARMAMENTOS,4,4,91,52
44915218,"COLEÇÕES E MATERIAIS BIBLIOGRÁFICOS",4,4,91,52
44915219,"DISCOTECAS E FILMOTECAS",4,4,91,52
44915220,EMBARCAÇÕES,4,4,91,52
44915222,"EQUIPAMENTOS DE MANOBRA E PATRULHAMENTO",4,4,91,52
44915224,"EQUIPAMENTO DE PROTEÇÃO, SEGURANÇA E SOCORRO",4,4,91,52
44915226,"INSTRUMENTOS MUSICAIS E ARTÍSTICOS",4,4,91,52
44915228,"MÁQUINAS E EQUIPAMENTOS DE NATUREZA INDUSTRIAL",4,4,91,52
44915230,"MÁQUINAS E EQUIPAMENTOS ENERGÉTICOS",4,4,91,52
44915232,"MÁQUINAS E EQUIPAMENTOS GRÁFICOS",4,4,91,52
44915233,"EQUIPAMENTOS PARA ÁUDIO, VÍDEO E FOTO",4,4,91,52
44915234,"MÁQUINAS, UTENSÍLIOS E EQUIPAMENTOS DIVERSOS",4,4,91,52
44915235,"EQUIPAMENTOS DE MICROINFORMÁTICA",4,4,91,52
44915236,"MÁQUINAS, INSTALAÇÕES E UTENSÍLIOS DE ESCRITÓRIO",4,4,91,52
44915238,"MÁQUINAS, FERRAMENTAS E UTENSÍLIOS DE OFICINA",4,4,91,52
44915239,"EQUIPAMENTOS E UTENSÍLIOS HIDRÁULICOS E ELÉTRICOS",4,4,91,52
44915240,"MÁQUINAS E EQUIPAMENTOS AGRÍCOLAS E RODOVIÁRIOS",4,4,91,52
44915242,"MOBILIÁRIO EM GERAL",4,4,91,52
44915244,"OBRAS DE ARTE E PEÇAS PARA MUSEU",4,4,91,52
44915246,SEMOVENTES,4,4,91,52
44915247,"EQUIPAMENTOS DE MONTARIA",4,4,91,52
44915248,"VEÍCULOS DIVERSOS",4,4,91,52
44915250,"VEÍCULOS FERROVIÁRIOS",4,4,91,52
44915251,"PEÇAS NÃO INCORPORÁVEIS A IMÓVEIS",4,4,91,52
44915252,"VEÍCULOS DE TRAÇÃO MECÂNICA",4,4,91,52
44915253,"CARROS DE COMBATE",4,4,91,52
44915254,"EQUIPAMENTOS, PEÇAS E ACESSÓRIOS AERONÁUTICOS",4,4,91,52
44915255,"EQUIPAMENTOS, PEÇAS E ACESSÓRIOS METROVIÁRIOS",4,4,91,52
44915256,"EQUIPAMENTOS, PEÇAS E ACESSÓRIOS DE PROTEÇÃO AO VÔO",4,4,91,52
44915257,"ACESSÓRIOS PARA AUTOMÓVEIS",4,4,91,52
44915258,"EQUIPAMENTOS DE MERGULHO E SALVAMENTO",4,4,91,52
44915260,"EQUIPAMENTOS, PEÇAS E ACESSÓRIOS MARÍTIMOS",4,4,91,52
44915261,"EQUIPAMENTOS DE ARMAZENAMENTO DE DADOS",4,4,91,52
44915262,"EQUIPAMENTOS DE PROCESSAMENTO DE DADOS",4,4,91,52
44915263,"EQUIPAMENTOS DE SEGURANÇA DA INFORMAÇÃO E BACKUP DE DADOS",4,4,91,52
44915264,"EQUIPAMENTOS ATIVOS DE REDE PARA REDE CORPORATIVA",4,4,91,52
44915265,"EQUIPAMENTOS ATIVOS DE REDE PARA REDE LOCAL",4,4,91,52
44915266,"EQUIPAMENTOS DE SUBSISTEMAS DE DATACENTER",4,4,91,52
44915283,"EQUIPAMENTOS E SISTEMA DE PROTEÇÃO E VIGILÂNCIA AMBIENTAL",4,4,91,52
44915289,"EQUIPAMENTOS, SOBRESSALENTES DE MÁQUINAS, MOTOR DE NAVIOS DE ESQUADRA",4,4,91,52
44915297,"BENS DE CONVÊNIO NÃO INCORPORADO",4,4,91,52
44915299,"OUTROS MATERIAIS PERMANENTES",4,4,91,52
45000000,"INVERSÕES FINANCEIRAS",4,5,00,00
45200000,"TRANSFERÊNCIAS À UNIÃO",4,5,20,00
45500000,"TRANSFERÊNCIAS A INSTITUIÇÕES PRIVADAS SEM FINS LUCRATIVOS",4,5,50,00
45504100,CONTRIBUIÇÕES,4,5,50,41
45504106,"INSTITUIÇÕES DE CARÁTER DESPORTIVO",4,5,50,41
45504200,AUXÍLIOS,4,5,50,42
45504201,"INSTITUIÇÕES DE CARÁTER CULTURAL",4,5,50,42
45504202,"INSTITUIÇÕES DE PESQUISA E DESENVOLVIMENTO TECNOLÓGICO",4,5,50,42
45504203,"INSTITUIÇÕES DE CARÁTER AMBIENTAL",4,5,50,42
45504204,"INSTITUIÇÕES DE CARÁTER AGROPECUÁRIO",4,5,50,42
45504205,"INSTITUIÇÕES DE DESENVOLVIMENTO RURAL",4,5,50,42
45800000,"TRANSFERÊNCIAS AO EXTERIOR",4,5,80,00
45808400,"DESPESAS DECORRENTES DE PARTICIPAÇÃO EM FUNDOS,",4,5,80,84
45900000,"APLICAÇÕES DIRETAS",4,5,90,00
45906100,"AQUISIÇÃO DE IMÓVEIS",4,5,90,61
45906108,TERRENOS,4,5,90,61
45906109,PRÉDIOS,4,5,90,61
45906200,"AQUISIÇÃO DE PRODUTOS PARA REVENDA",4,5,90,62
45906297,"MERCADORIAS PARA REVENDA",4,5,90,62
45906300,"AQUISIÇÃO DE TÍTULOS DE CRÉDITO",4,5,90,63
45906301,"AQUISIÇÃO DE TÍTULOS DE CRÉDITO",4,5,90,63
45906400,"AQUISIÇÃO DE TÍTULOS REPRESENTATIVOS DE CAPITAL JÁ INTEGRALIZADO",4,5,90,64
45906401,"AQUISIÇÃO DE TÍTULOS REPRESENTATIVOS DE CAPITAL JÁ INTEGRALIZADO",4,5,90,64
45906500,"CONSTITUIÇÃO OU AUMENTO DE CAPITAL DE EMPRESAS",4,5,90,65
45906501,"PARTICIPAÇÃO EM CONSTITUIÇÃO DE CAPITAL DE EMPRESAS INDUSTRIAIS",4,5,90,65
45906502,"PARTICIPAÇÃO EM CONSTITUIÇÃO DE CAPITAL DE EMPRESAS AGRÍCOLAS",4,5,90,65
45906503,"PARTICIPAÇÃO EM AUMENTO DE CAPITAL DE EMPRESAS INDUSTRIAIS",4,5,90,65
45906504,"PARTICIPAÇÃO EM AUMENTO DE CAPITAL DE EMPRESAS AGRÍCOLAS",4,5,90,65
45906505,"PARTICIPAÇÃO EM CONSTITUIÇÃO DE CAPITAL DE EMPRESAS COMERCIAIS",4,5,90,65
45906506,"PARTICIPAÇÃO EM CONSTITUIÇÃO DE CAPITAL DE EMPRESAS FINANCEIRAS",4,5,90,65
45906507,"PARTICIPAÇÃO EM AUMENTO DE CAPITAL DE EMPRESAS COMERCIAIS",4,5,90,65
45906508,"PARTICIPAÇÃO EM AUMENTO DE CAPITAL DE EMPRESAS FINANCEIRAS",4,5,90,65
45906599,"CONSTITUIÇÃO OU AUMENTO DE CAPITAL DE EMPRESAS",4,5,90,65
45906600,"CONCESSÃO DE EMPRÉSTIMOS E FINANCIAMENTOS",4,5,90,66
45906601,"FINANCIAMENTOS CONCEDIDOS",4,5,90,66
45906602,"EMPRÉSTIMOS CONCEDIDOS",4,5,90,66
45906699,"OUTROS EMPRÉSTIMOS E FINANCIAMENTOS",4,5,90,66
45909200,"DESPESAS DE EXERCÍCIOS ANTERIORES",4,5,90,92
45909264,"AQUISIÇÃO DE TÍTULOS REPRESENTATIVOS DE CAPITAL JÁ INTEGRALIZADO",4,5,90,92
45909265,"CONSTITUIÇÃO OU AUMENTO DE CAPITAL DE EMPRESAS",4,5,90,92
45909266,"CONCESSÃO DE EMPRÉSTIMOS E FINANCIAMENTOS",4,5,90,92
45909300,"INDENIZAÇÕES, RESTITUIÇÕES E RESSARCIMENTOS",4,5,90,93
45909335,"INDENIZAÇÃO POR BENFEITORIA DE TERCEIROS",4,5,90,93
45910000,"APLICAÇÃO DIRETA ENTRE ENTES DO OFSS",4,5,91,00
46000000,"AMORTIZAÇÃO DA DÍVIDA",4,6,00,00
46200000,"TRANSFERÊNCIAS À UNIÃO",4,6,20,00
46800000,"TRANSFERÊNCIAS AO EXTERIOR",4,6,80,00
46808400,"DESPESAS DECORRENTES DE PARTICIPAÇÃO EM FUNDOS,",4,6,80,84
46900000,"APLICAÇÕES DIRETAS",4,6,90,00
46907100,"PRINCIPAL DA DÍVIDA CONTRATUAL RESGATADO",4,6,90,71
46907101,"AMORTIZAÇÃO DA DÍVIDA INTERNA CONTRATUAL COM INSTITUIÇÕES FINANCEIRAS",4,6,90,71
46907102,"AMORTIZAÇÃO DA DÍVIDA EXTERNA CONTRATUAL COM INSTITUIÇÕES FINANCEIRAS",4,6,90,71
46907103,"AMORTIZAÇÃO DA DÍVIDA PARCELADA -  INSS",4,6,90,71
46907104,"AMORTIZAÇÃO DA DÍVIDA PARCELADA -  PASEP",4,6,90,71
46907105,"AMORTIZAÇÃO DA DÍVIDA PARCELADA - COFINS",4,6,90,71
46907106,"AMORTIZAÇÃO DA DÍVIDA PARCELADA - REFIS",4,6,90,71
46907107,"AMORTIZAÇÃO DA DÍVIDA PARCELADA - PARCELAMENTO ESPECIAL",4,6,90,71
46907108,"AMORTIZAÇÃO DA DÍVIDA PARCELADA - PARCELAMENTO EXCEPCIONAL",4,6,90,71
46907200,"PRINCIPAL DA DÍVIDA MOBILIÁRIA RESGATADO",4,6,90,72
46907201,"PRINCIPAL DA DÍVIDA MOBILIÁRIA INTERNA",4,6,90,72
46907202,"PRINCIPAL DA DÍVIDA MOBILIÁRIA EXTERNA",4,6,90,72
46907300,"CORREÇÃO MONETÁRIA OU CAMBIAL DA DÍVIDA CONTRATUAL RESGATADA",4,6,90,73
46907301,"CORREÇÃO DA DÍVIDA INTERNA CONTRATUAL COM INSTITUIÇÕES FINANCEIRAS",4,6,90,73
46907302,"CORREÇÃO DA DÍVIDA EXTERNA CONTRATUAL COM INSTITUIÇÕES FINANCEIRAS",4,6,90,73
46907303,"CORREÇÃO DA DÍVIDA PARCELADA -  INSS",4,6,90,73
46907304,"CORREÇÃO DA DÍVIDA PARCELADA -  PASEP",4,6,90,73
46907305,"CORREÇÃO DA DÍVIDA PARCELADA -  COFINS",4,6,90,73
46907306,"CORREÇÃO DA DÍVIDA PARCELADA -  REFIS",4,6,90,73
46907307,"CORREÇÃO DA DÍVIDA PARCELADA -  PARCELAMENTO ESPECIAL",4,6,90,73
46907308,"CORREÇÃO DA DÍVIDA PARCELADA -  PARCELAMENTO EXCEPCIONAL",4,6,90,73
46907400,"CORREÇÃO MONETÁRIA OU CAMBIAL DA DÍVIDA MOBILIÁRIA RESGATADA",4,6,90,74
46907401,"CORREÇÃO DA DÍVIDA MOBILIÁRIA INTERNA",4,6,90,74
46907402,"CORREÇÃO DA DÍVIDA MOBILIÁRIA EXTERNA",4,6,90,74
46909300,"INDENIZAÇÕES, RESTITUIÇÕES E RESSARCIMENTOS",4,6,90,93
46909319,"AUXÍLIO MORADIA",4,6,90,93
46909341,"RESTITUIÇÕES DE VALORES DEPOSITADOS/RECEBIDOS INDEVIDAMENTE",4,6,90,93
90000000,"RESERVA DE CONTINGENCIA",9,0,00,00
99000000,"RESERVA DE CONTINGENCIA",9,9,00,00
99900000,"RESERVA DE CONTINGENCIA",9,9,90,00
99990000,"RESERVA DE CONTINGENCIA",9,9,99,00
99999900,"RESERVA DE CONTINGENCIA",9,9,99,99
